report_month,partner_type,institution_name,reported_total_test_count,reported_total_bill_amount,source_file,page_number
August 2025,Hospital,Beypore Neethi Diagnostic Centre,108,12812.0,August 2025.pdf,1
August 2025,Hospital,DISTRICT TB CENTRE,28,5040.0,August 2025.pdf,2
August 2025,Hospital,Dr. Agarwals Eye Hospital,35,11216.0,August 2025.pdf,2
August 2025,Hospital,Dr. Balram Healthcare Private Limited,31,16030.0,August 2025.pdf,2
August 2025,Hospital,"Dr. Chandrakanth, Malabar Nethralaya",49,19066.0,August 2025.pdf,3
August 2025,Hospital,Dr. Shaji’s MRI & Medical Research Center,138,51949.0,August 2025.pdf,5
August 2025,Hospital,Dr. Shaji's Diagnostic Centre,150,73452.5,August 2025.pdf,6
August 2025,Hospital,Dr. Suresh's DiabCare India,92,27522.0,August 2025.pdf,7
August 2025,Hospital,Dr. Thaj Skin & Hair Clinic,27,15330.0,August 2025.pdf,7
August 2025,Hospital,M/s R-Cell Diagnostics & Research Centre Pvt Ltd,24,15624.0,August 2025.pdf,8
August 2025,Hospital,M/s. Access Labz,13,2640.0,August 2025.pdf,8
August 2025,Hospital,M/s. Almas Hospital Kottakkal,17,38486.0,August 2025.pdf,8
August 2025,Hospital,M/s. Amana Hospital Kuttiadi,68,23857.0,August 2025.pdf,9
August 2025,Hospital,M/s. APOLLO XRAY DIAGNOSTIC CENTRE KOYILANDY,185,85936.0,August 2025.pdf,11
August 2025,Hospital,M/s. Ariyallur Neethi Medicals,149,27338.0,August 2025.pdf,12
August 2025,Hospital,M/s. Aroha Clinic,12,7920.0,August 2025.pdf,12
August 2025,Hospital,M/s. Ascent ENT Hospital & Medical Centre,19,12152.0,August 2025.pdf,12
August 2025,Hospital,"M/s. Ascent ENT Hospital, Perintalmanna",61,37562.0,August 2025.pdf,13
August 2025,Hospital,"M/s. ASCENT ENT HOSPITAL,KOZHIKODE",18,11410.0,August 2025.pdf,13
August 2025,Hospital,M/s. Asha Hospital,28,16002.0,August 2025.pdf,13
August 2025,Hospital,M/s. Asten Specialty Orthopaedic Hospital,17,9961.0,August 2025.pdf,13
August 2025,Hospital,"M/s. Aster Lab, Aster MIMS Hospital, Calicut",9,1029.0,August 2025.pdf,14
August 2025,Hospital,M/s. Atholi Co-operative Hospital,91,18144.0,August 2025.pdf,14
August 2025,Hospital,M/s. Baby Memorial Hospital,18,21105.0,August 2025.pdf,15
August 2025,Hospital,M/s. Badakara Co-Operative Hospital,81,42022.0,August 2025.pdf,15
August 2025,Hospital,"M/s. Bio Lab, Koduvally, Calicut",255,44476.0,August 2025.pdf,17
August 2025,Hospital,"M/s. BM Hospital, Pulikkal",74,24181.0,August 2025.pdf,17
August 2025,Hospital,M/s. C.M. Hospital,112,63409.0,August 2025.pdf,18
August 2025,Hospital,M/s. Calicut Center for Surgery,5,4760.0,August 2025.pdf,18
August 2025,Hospital,M/s. Calicut Hospital & Nursing Home,306,87986.0,August 2025.pdf,20
August 2025,Hospital,M/s. Chalapuram Saroj Lab,825,391671.0,August 2025.pdf,24
August 2025,Hospital,M/s. Comtrust Charitable Trust Eye Hospital,236,77334.0,August 2025.pdf,24
August 2025,Hospital,M/s. Comtrust Vision Center,27,4401.0,August 2025.pdf,24
August 2025,Hospital,M/s. CPC Medical Laboratory,10,5103.0,August 2025.pdf,24
August 2025,Hospital,M/s. Dependable Diagnostics,253,69753.0,August 2025.pdf,26
August 2025,Hospital,M/s. Diamond Healthcare Vadakara,69,33834.0,August 2025.pdf,27
August 2025,Hospital,M/s. DMS Hospital,144,65811.0,August 2025.pdf,28
August 2025,Hospital,M/s. Doctors United,39,3492.0,August 2025.pdf,28
August 2025,Hospital,"M/s. Dr. Manoj's ENT,Super Speciality & Research",767,136083.0,August 2025.pdf,30
August 2025,Hospital,M/s. EMS Memorial Co-Operative Hospital Perambra,140,66006.0,August 2025.pdf,31
August 2025,Hospital,"M/s. EMS Memorial Co-operative Hospital, Mukkam",33,24492.0,August 2025.pdf,31
August 2025,Hospital,"M/s. Fathima Hospital, Bank Road, Calicut",258,116131.0,August 2025.pdf,33
August 2025,Hospital,M/s. GMC Orthotrust Hospital,187,47625.0,August 2025.pdf,34
August 2025,Hospital,M/s. Indira Gandhi Co-Operative Hospital,30,28840.0,August 2025.pdf,34
August 2025,Hospital,M/s. Institute of Chest Disease MCH,2,288.0,August 2025.pdf,34
August 2025,Hospital,M/s. Iqraa International Hospital&Research Centre,82,28168.0,August 2025.pdf,35
August 2025,Hospital,M/s. JAIHIND LAB NADAPURAM,153,90012.0,August 2025.pdf,36
August 2025,Hospital,"M/s. JAIHIND LAB,KUTTIADI",35,7950.0,August 2025.pdf,37
August 2025,Hospital,M/s. Janatha Medical laboratory,646,289227.0,August 2025.pdf,39
August 2025,Hospital,M/s. Jas Health Care,68,34656.0,August 2025.pdf,40
August 2025,Hospital,M/s. Jeeva Speciality Laboratory,3,1610.0,August 2025.pdf,40
August 2025,Hospital,M/s. Kalarikkal X-ray Laboratory & ECG,257,44979.0,August 2025.pdf,41
August 2025,Hospital,"M/s. Karuna Poly Clinic, Kakattil",189,38549.0,August 2025.pdf,42
August 2025,Hospital,M/s. KIMS Trust Hospital,137,80354.0,August 2025.pdf,43
August 2025,Hospital,M/s. Kommeri Neethi Lab,264,47290.0,August 2025.pdf,45
August 2025,Hospital,M/s. Kootalida Neethi Medical Lab,250,43516.0,August 2025.pdf,46
August 2025,Hospital,M/s. Koyas Hospital,49,28041.0,August 2025.pdf,46
August 2025,Hospital,M/s. Kozhikode District Co-Operative Hospital Ltd,215,141416.0,August 2025.pdf,48
August 2025,Hospital,"M/s. Life Care Lab, Koottalida, Calicut",57,8928.0,August 2025.pdf,48
August 2025,Hospital,M/s. Life Care Neethi Lab Payyoli,3,979.0,August 2025.pdf,48
August 2025,Hospital,M/s. M.B. Hospital Malappuram,117,84006.0,August 2025.pdf,50
August 2025,Hospital,M/s. M.K.Haji Orphanage Hospital,180,118390.0,August 2025.pdf,51
August 2025,Hospital,M/s. Mahe Neethi Lab & Diagnostic Centre,3,3710.0,August 2025.pdf,51
August 2025,Hospital,M/s. Malabar Hospitals,277,128826.0,August 2025.pdf,52
August 2025,Hospital,M/s. Mammi's Laboratory,31,13320.0,August 2025.pdf,53
August 2025,Hospital,M/s. Manohar Hospital,3,756.0,August 2025.pdf,53
August 2025,Hospital,M/s. MDC Laboratory,143,88451.0,August 2025.pdf,54
August 2025,Hospital,M/s. MEDICHECK DIAGNOSTICS,198,37985.0,August 2025.pdf,55
August 2025,Hospital,M/s. Mercy Hospital,162,103439.0,August 2025.pdf,57
August 2025,Hospital,M/s. Metromed International Cardiac Centre PVT.LTD,44,16733.0,August 2025.pdf,58
August 2025,Hospital,"M/s. Micro Diagnostics, Balussery",167,36554.0,August 2025.pdf,59
August 2025,Hospital,M/s. Micro Health Laboratories,113,118447.0,August 2025.pdf,59
August 2025,Hospital,M/s. Mother Health Care,143,30041.0,August 2025.pdf,60
August 2025,Hospital,M/s. MVR Cancer Centre & Research Institute,28,48144.0,August 2025.pdf,61
August 2025,Hospital,"M/s. NAHAS HOSPITAL,PARAPPANANGADI",415,230327.0,August 2025.pdf,62
August 2025,Hospital,M/s. Nanma Computerized Specialty Lab,118,16692.0,August 2025.pdf,63
August 2025,Hospital,M/s. Nazia Hospital Chettippadi,110,41507.0,August 2025.pdf,64
August 2025,Hospital,M/s. Ncare IVF Calicut,63,22015.0,August 2025.pdf,64
August 2025,Hospital,M/s. Neethi Lab Kadalundi,139,29589.0,August 2025.pdf,65
August 2025,Hospital,M/s. Neethi Lab Kunnamangalam,440,106707.0,August 2025.pdf,68
August 2025,Hospital,M/s. Neethi Medical Laboratory Feroke,626,184855.0,August 2025.pdf,70
August 2025,Hospital,"M/s. Neethi Poly Clinic, Nanminda",390,82196.0,August 2025.pdf,72
August 2025,Hospital,M/s. Orchid Medicity,243,80408.0,August 2025.pdf,74
August 2025,Hospital,M/s. Parambil Bazar Neethi lab,65,14137.0,August 2025.pdf,74
August 2025,Hospital,M/s. Parco Institute Medical Sciences,8,2128.0,August 2025.pdf,75
August 2025,Hospital,M/s. Red Crescent Hospital,476,290060.0,August 2025.pdf,76
August 2025,Hospital,M/s. S.B Medical Laboratory,52,26040.0,August 2025.pdf,77
August 2025,Hospital,"M/s. Sahakarana Neethi Lab, Koduvally",223,47851.0,August 2025.pdf,78
August 2025,Hospital,M/s. Sankar Clinic & Nursing Home,82,47481.0,August 2025.pdf,78
August 2025,Hospital,"M/s. SANTHI HOSPITAL, OMASSERY",94,53784.0,August 2025.pdf,79
August 2025,Hospital,M/s. Saroj Diagnostic Laboratory&Medical Centre,1,84.0,August 2025.pdf,80
August 2025,Hospital,M/s. Shade Medical Center,172,60458.0,August 2025.pdf,81
August 2025,Hospital,M/s. Smart Hospital & Research Centre,74,18466.0,August 2025.pdf,81
August 2025,Hospital,M/s. St. JOSEPH HOSPITAL,65,43170.0,August 2025.pdf,82
August 2025,Hospital,M/s. Starcare Hospital,230,115695.0,August 2025.pdf,84
August 2025,Hospital,M/s. State Bank of India,452,55259.0,August 2025.pdf,85
August 2025,Hospital,M/s. Sudharma Lab,20,8004.0,August 2025.pdf,85
August 2025,Hospital,"M/s. T.M.H Hospital, Kottakadav",200,95008.0,August 2025.pdf,87
August 2025,Hospital,M/s. Vengeri Neethi Medical Lab,107,16556.0,August 2025.pdf,88
August 2025,Hospital,M/s. WellPhy Pain & Sports Clinic,406,73229.0,August 2025.pdf,88
August 2025,Hospital,M/s. Your Center,52,20238.0,August 2025.pdf,89
August 2025,Hospital,M/s.Premium Medical & Health Care Providers PvtLtd,60,43092.0,August 2025.pdf,89
August 2025,Hospital,Malabar Medical College Hospital & Research Center,185,132108.0,August 2025.pdf,91
August 2025,Lab,Auto Rickshaw Drivers Privilege Card -Calicut,9,1512.0,August 2025 (Lab).pdf,1
August 2025,Lab,DD,601,246900.0,August 2025 (Lab).pdf,4
August 2025,Lab,Dr Buddies Health Hub,6,2925.0,August 2025 (Lab).pdf,4
August 2025,Lab,Dr. Das's Multispeciality Homoeopathy & Laboratory,4,630.0,August 2025 (Lab).pdf,4
August 2025,Lab,Dr. Nisars GlobaI Scans & Diagnostic Centre,12,3612.0,August 2025 (Lab).pdf,4
August 2025,Lab,Health Packages,306,987770.0,August 2025 (Lab).pdf,6
August 2025,Lab,Hepatitis B Titre Camp - Chest Hospital,21,6300.0,August 2025 (Lab).pdf,6
August 2025,Lab,Lal Path Labs,51,139500.0,August 2025 (Lab).pdf,7
August 2025,Lab,M/s. Abdussalam Clinic,33,7432.0,August 2025 (Lab).pdf,7
August 2025,Lab,M/s. Access Labz,85,24988.0,August 2025 (Lab).pdf,8
August 2025,Lab,M/s. Afiya River View Hospital,109,24485.0,August 2025 (Lab).pdf,9
August 2025,Lab,M/s. AKMM Hospital,41,8226.0,August 2025 (Lab).pdf,9
August 2025,Lab,M/s. Amrutha Lab,11,10600.0,August 2025 (Lab).pdf,10
August 2025,Lab,M/s. Apex Ortho Centre,196,69670.0,August 2025 (Lab).pdf,10
August 2025,Lab,M/s. Areekara Medical Laboratory,15,6331.0,August 2025 (Lab).pdf,11
August 2025,Lab,M/s. Aswani Lab,29,3070.0,August 2025 (Lab).pdf,11
August 2025,Lab,M/s. Aswas Laboratory,3,2527.0,August 2025 (Lab).pdf,11
August 2025,Lab,M/s. Atera Aesthetics Kuttiadi,13,4970.0,August 2025 (Lab).pdf,11
August 2025,Lab,M/s. Aysha Computerised Lab,139,19830.0,August 2025 (Lab).pdf,12
August 2025,Lab,M/s. Aza Diagnostic Center,1828,451514.5,August 2025 (Lab).pdf,14
August 2025,Lab,M/s. Bio Lab MVR Laboratories & Genomic Centre,8,2653.0,August 2025 (Lab).pdf,14
August 2025,Lab,M/s. Bioline Laboratory,11,6230.0,August 2025 (Lab).pdf,15
August 2025,Lab,M/s. Bio-Medical Diagnostic Centre,9,11340.0,August 2025 (Lab).pdf,15
August 2025,Lab,M/s. Calicut Dr. Nisar's,3,1680.0,August 2025 (Lab).pdf,15
August 2025,Lab,M/s. Care Medical Centre,1,2450.0,August 2025 (Lab).pdf,15
August 2025,Lab,M/s. Care Referal Laboratories,35,24128.0,August 2025 (Lab).pdf,15
August 2025,Lab,M/s. Central Medical Lab & ECG,7,1870.0,August 2025 (Lab).pdf,16
August 2025,Lab,M/s. Central Medical Laboratory,1,250.0,August 2025 (Lab).pdf,16
August 2025,Lab,M/s. Chemban Medical Centre,8,2665.0,August 2025 (Lab).pdf,16
August 2025,Lab,M/s. Crystal Lab,2,1225.0,August 2025 (Lab).pdf,16
August 2025,Lab,M/s. Delux Clinical Laboratory,23,4756.0,August 2025 (Lab).pdf,17
August 2025,Lab,M/s. Doctors Diagnostic and Research Centre,76,38155.0,August 2025 (Lab).pdf,18
August 2025,Lab,M/s. Doctors Lab Thamarasserry,3,4305.0,August 2025 (Lab).pdf,18
August 2025,Lab,"M/s. Doctors Lab, Payyoli",154,52166.0,August 2025 (Lab).pdf,19
August 2025,Lab,M/s. Doctors Neethi Lab,37,5899.0,August 2025 (Lab).pdf,20
August 2025,Lab,"M/s. Doctors Speciality Lab, Tirur",2,770.0,August 2025 (Lab).pdf,20
August 2025,Lab,M/s. Famcare Health Speciality,1,210.0,August 2025 (Lab).pdf,20
August 2025,Lab,M/s. Family Healthcare Clinic,3,400.0,August 2025 (Lab).pdf,20
August 2025,Lab,M/s. Fast & Safe Home Care,18,2596.0,August 2025 (Lab).pdf,20
August 2025,Lab,M/s. Health Medic Laboratory Services,264,164208.0,August 2025 (Lab).pdf,21
August 2025,Lab,M/s. Jaihind Diagnostic Center,23,2058.0,August 2025 (Lab).pdf,21
August 2025,Lab,"M/s. Janatha Hospital, Vadakara",1,640.0,August 2025 (Lab).pdf,22
August 2025,Lab,M/s. Jas Karunya Medical Lab,1,50.0,August 2025 (Lab).pdf,22
August 2025,Lab,M/s. Jawad Laboratory,1,560.0,August 2025 (Lab).pdf,22
August 2025,Lab,M/s. Kakkur Co-operative Clinic,137,13098.0,August 2025 (Lab).pdf,22
August 2025,Lab,"M/s. Kalarikkal Lab, Chungam",10,1339.0,August 2025 (Lab).pdf,22
August 2025,Lab,M/s. Karthika Clinical Laboratory,11,655.0,August 2025 (Lab).pdf,23
August 2025,Lab,M/s. Karunya Health Care,44,26508.0,August 2025 (Lab).pdf,23
August 2025,Lab,M/s. Karunya Lab,2,595.0,August 2025 (Lab).pdf,23
August 2025,Lab,M/s. Koduvally Medical Center,56,11920.0,August 2025 (Lab).pdf,24
August 2025,Lab,M/s. Koyilandy Co-operative Hospital,18,5435.0,August 2025 (Lab).pdf,24
August 2025,Lab,"M/s. Life Pulse Diagnosis, Kottakadav",8,1040.0,August 2025 (Lab).pdf,24
August 2025,Lab,M/s. Lifeline Laboratory,11,1590.0,August 2025 (Lab).pdf,25
August 2025,Lab,M/s. Malabar Medical Centre,249,48602.0,August 2025 (Lab).pdf,26
August 2025,Lab,M/s. Manapad Clinic,9,2131.0,August 2025 (Lab).pdf,26
August 2025,Lab,M/s. Mannur Baba Laboratory,55,10333.0,August 2025 (Lab).pdf,27
August 2025,Lab,M/s. Medeor Medicals,2,1120.0,August 2025 (Lab).pdf,27
August 2025,Lab,M/s. Medicare Diagnostics,2,700.0,August 2025 (Lab).pdf,27
August 2025,Lab,M/s. Medico Balussery,373,79053.0,August 2025 (Lab).pdf,28
August 2025,Lab,M/s. Medlab Atholi,2,310.0,August 2025 (Lab).pdf,28
August 2025,Lab,M/s. Mercy Medical Laboratory,97,15818.0,August 2025 (Lab).pdf,29
August 2025,Lab,M/s. Metro Lab Thiruvallur,1,385.0,August 2025 (Lab).pdf,29
August 2025,Lab,"M/s. Mithraa Health Laboratory, Chemmad",66,40824.0,August 2025 (Lab).pdf,30
August 2025,Lab,M/s. Momis Clinic,53,16355.0,August 2025 (Lab).pdf,30
August 2025,Lab,M/s. MR Clinic Lab,154,23713.0,August 2025 (Lab).pdf,31
August 2025,Lab,M/s. Neethi lab Balussery,112,23489.0,August 2025 (Lab).pdf,32
August 2025,Lab,"M/s. Neethi Lab Diagnostic Center, Vadakara",2,550.0,August 2025 (Lab).pdf,32
August 2025,Lab,M/s. Nice Laboratory,22,2605.0,August 2025 (Lab).pdf,33
August 2025,Lab,M/s. Noonus Healthcare,26,3834.0,August 2025 (Lab).pdf,33
August 2025,Lab,M/s. Northern Gastro Centre,6,3780.0,August 2025 (Lab).pdf,33
August 2025,Lab,M/s. Payyoli Lab,17,3240.0,August 2025 (Lab).pdf,33
August 2025,Lab,M/s. Poly Lab Vatakara,84,30064.0,August 2025 (Lab).pdf,34
August 2025,Lab,M/s. Rafa Mobile Nursing Care,6,2010.0,August 2025 (Lab).pdf,35
August 2025,Lab,"M/s. Royal Lab, Mukkam",344,67076.0,August 2025 (Lab).pdf,36
August 2025,Lab,M/s. RP Medhelix Diagnostics Pvt Ltd,32,8330.0,August 2025 (Lab).pdf,36
August 2025,Lab,M/s. S K Park Residence Association,9,2056.0,August 2025 (Lab).pdf,36
August 2025,Lab,M/s. Sar Health Care,42,14591.0,August 2025 (Lab).pdf,37
August 2025,Lab,M/s. Shana Speciality Laboratory,5,2800.0,August 2025 (Lab).pdf,37
August 2025,Lab,M/s. Spectra Medical Lab,8,4445.0,August 2025 (Lab).pdf,37
August 2025,Lab,"M/s. Star Health Care Clinic, Nanmanda",30,7765.0,August 2025 (Lab).pdf,38
August 2025,Lab,M/s. Thalayad Medical Laboratory,5,4674.0,August 2025 (Lab).pdf,38
August 2025,Lab,M/s. Tree Clinic,53,12273.0,August 2025 (Lab).pdf,39
August 2025,Lab,M/s. Ultra Diagnostic Center & ECG,18,3035.0,August 2025 (Lab).pdf,39
August 2025,Lab,M/s. V Trust Eye Hospital,43,9260.0,August 2025 (Lab).pdf,39
August 2025,Lab,M/s. V Trust Healthcare,1,100.0,August 2025 (Lab).pdf,39
August 2025,Lab,M/s. Viswas Diagnostic Surgical Polyclinic,116,16105.0,August 2025 (Lab).pdf,40
August 2025,Lab,M/s. We Care Polyclinic,85,12825.0,August 2025 (Lab).pdf,41
August 2025,Lab,M/s. Well Care Clinic,42,7246.0,August 2025 (Lab).pdf,41
August 2025,Lab,M/s. Wellness Mediclinic,1,50.0,August 2025 (Lab).pdf,41
August 2025,Lab,Parayancheri Residence Association Privilege Card,23,3950.0,August 2025 (Lab).pdf,42
August 2025,Lab,PRIVILEGE CUSTOMER,384,85747.0,August 2025 (Lab).pdf,44
August 2025,Lab,Rotary Aswini Health Checkup 2025,855,101600.0,August 2025 (Lab).pdf,44
August 2025,Lab,SKPCC Senior Citizens Forum Privilege Card,7,816.0,August 2025 (Lab).pdf,44
September 2025,Hospital,Beypore Neethi Diagnostic Centre,83,7311.0,September 2025.pdf,1
September 2025,Hospital,DISTRICT TB CENTRE,34,6120.0,September 2025.pdf,1
September 2025,Hospital,Dr. Agarwals Eye Hospital,38,12361.0,September 2025.pdf,2
September 2025,Hospital,Dr. Balram Healthcare Private Limited,34,20090.0,September 2025.pdf,2
September 2025,Hospital,"Dr. Chandrakanth, Malabar Nethralaya",31,9562.0,September 2025.pdf,2
September 2025,Hospital,Dr. Shaji’s MRI & Medical Research Center,127,55729.0,September 2025.pdf,4
September 2025,Hospital,Dr. Shaji's Diagnostic Centre,167,69052.0,September 2025.pdf,5
September 2025,Hospital,Dr. Suresh's DiabCare India,60,18711.0,September 2025.pdf,6
September 2025,Hospital,Dr. Thaj Skin & Hair Clinic,23,13510.0,September 2025.pdf,6
September 2025,Hospital,M/s R-Cell Diagnostics & Research Centre Pvt Ltd,12,7448.0,September 2025.pdf,6
September 2025,Hospital,M/s. Access Labz,56,13008.0,September 2025.pdf,7
September 2025,Hospital,M/s. Almas Hospital Kottakkal,158,106673.0,September 2025.pdf,8
September 2025,Hospital,M/s. Amana Hospital Kuttiadi,61,19259.0,September 2025.pdf,9
September 2025,Hospital,M/s. APOLLO XRAY DIAGNOSTIC CENTRE KOYILANDY,157,67694.0,September 2025.pdf,10
September 2025,Hospital,M/s. Ariyallur Neethi Medicals,156,29263.0,September 2025.pdf,11
September 2025,Hospital,M/s. Aroha Clinic,15,7734.0,September 2025.pdf,11
September 2025,Hospital,M/s. Ascent ENT Hospital & Medical Centre,25,15120.0,September 2025.pdf,12
September 2025,Hospital,"M/s. Ascent ENT Hospital, Perintalmanna",69,39151.0,September 2025.pdf,12
September 2025,Hospital,"M/s. ASCENT ENT HOSPITAL,KOZHIKODE",31,19250.0,September 2025.pdf,12
September 2025,Hospital,M/s. Asha Hospital,35,19474.0,September 2025.pdf,13
September 2025,Hospital,M/s. Asten Specialty Orthopaedic Hospital,35,18360.0,September 2025.pdf,13
September 2025,Hospital,"M/s. Aster Lab, Aster MIMS Hospital, Calicut",2,770.0,September 2025.pdf,13
September 2025,Hospital,M/s. Atholi Co-operative Hospital,95,19364.0,September 2025.pdf,14
September 2025,Hospital,M/s. Aza Diagnostic Center,1207,489432.5,September 2025.pdf,16
September 2025,Hospital,M/s. Baby Memorial Hospital,13,16695.0,September 2025.pdf,17
September 2025,Hospital,M/s. Badakara Co-Operative Hospital,80,46042.0,September 2025.pdf,18
September 2025,Hospital,"M/s. Bio Lab, Koduvally, Calicut",275,52068.0,September 2025.pdf,19
September 2025,Hospital,"M/s. BM Hospital, Pulikkal",90,35055.0,September 2025.pdf,19
September 2025,Hospital,M/s. C.M. Hospital,119,55785.0,September 2025.pdf,21
September 2025,Hospital,M/s. Calicut Center for Surgery,7,8470.0,September 2025.pdf,21
September 2025,Hospital,M/s. Calicut Hospital & Nursing Home,303,81794.0,September 2025.pdf,23
September 2025,Hospital,M/s. Chalapuram Saroj Lab,111,78830.0,September 2025.pdf,25
September 2025,Hospital,M/s. Comtrust Charitable Trust Eye Hospital,237,83880.0,September 2025.pdf,25
September 2025,Hospital,M/s. Comtrust Vision Center,27,4401.0,September 2025.pdf,25
September 2025,Hospital,M/s. CPC Medical Laboratory,5,1400.0,September 2025.pdf,26
September 2025,Hospital,M/s. Dependable Diagnostics,192,65568.0,September 2025.pdf,27
September 2025,Hospital,M/s. Diamond Healthcare Vadakara,73,32595.0,September 2025.pdf,28
September 2025,Hospital,M/s. DMS Hospital,204,99431.0,September 2025.pdf,30
September 2025,Hospital,M/s. Doctors United,229,39476.0,September 2025.pdf,31
September 2025,Hospital,"M/s. Dr. Manoj's ENT,Super Speciality & Research",625,107146.0,September 2025.pdf,31
September 2025,Hospital,M/s. EMS Memorial Co-Operative Hospital Perambra,142,62112.0,September 2025.pdf,33
September 2025,Hospital,"M/s. EMS Memorial Co-operative Hospital, Mukkam",21,11690.0,September 2025.pdf,33
September 2025,Hospital,"M/s. Fathima Hospital, Bank Road, Calicut",245,106433.0,September 2025.pdf,35
September 2025,Hospital,"M/s. Feroke Neethi Medical Centre, Kundayithodu",4,523.0,September 2025.pdf,35
September 2025,Hospital,M/s. GMC Orthotrust Hospital,159,40640.0,September 2025.pdf,36
September 2025,Hospital,M/s. Indira Gandhi Co-Operative Hospital,27,32340.0,September 2025.pdf,36
September 2025,Hospital,M/s. Iqraa International Hospital&Research Centre,82,31366.0,September 2025.pdf,37
September 2025,Hospital,M/s. JAIHIND LAB NADAPURAM,186,105730.0,September 2025.pdf,38
September 2025,Hospital,"M/s. JAIHIND LAB,KUTTIADI",41,6698.0,September 2025.pdf,39
September 2025,Hospital,M/s. Janatha Medical laboratory,673,252385.0,September 2025.pdf,41
September 2025,Hospital,M/s. Jas Health Care,87,44056.0,September 2025.pdf,42
September 2025,Hospital,M/s. Jeeva Speciality Laboratory,7,2768.0,September 2025.pdf,42
September 2025,Hospital,M/s. Kalarikkal X-ray Laboratory & ECG,224,33982.0,September 2025.pdf,44
September 2025,Hospital,"M/s. Karuna Poly Clinic, Kakattil",240,44836.0,September 2025.pdf,45
September 2025,Hospital,M/s. KIMS Trust Hospital,136,96061.0,September 2025.pdf,46
September 2025,Hospital,M/s. Kommeri Neethi Lab,263,54872.0,September 2025.pdf,47
September 2025,Hospital,M/s. Kootalida Neethi Medical Lab,275,46758.0,September 2025.pdf,48
September 2025,Hospital,M/s. Koyas Hospital,40,24001.0,September 2025.pdf,49
September 2025,Hospital,M/s. Kozhikode District Co-Operative Hospital Ltd,176,107609.0,September 2025.pdf,50
September 2025,Hospital,"M/s. Life Care Lab, Koottalida, Calicut",63,10958.0,September 2025.pdf,50
September 2025,Hospital,M/s. Life Care Neethi Lab Payyoli,10,4527.0,September 2025.pdf,51
September 2025,Hospital,M/s. M.B. Hospital Malappuram,105,72251.0,September 2025.pdf,52
September 2025,Hospital,M/s. M.K.Haji Orphanage Hospital,179,100728.0,September 2025.pdf,53
September 2025,Hospital,M/s. Mahe Neethi Lab & Diagnostic Centre,6,1765.0,September 2025.pdf,53
September 2025,Hospital,M/s. Malabar Hospitals,239,108433.0,September 2025.pdf,55
September 2025,Hospital,M/s. Mammi's Laboratory,57,32130.0,September 2025.pdf,55
September 2025,Hospital,M/s. Manohar Hospital,1,420.0,September 2025.pdf,55
September 2025,Hospital,M/s. MDC Laboratory,145,81240.0,September 2025.pdf,56
September 2025,Hospital,M/s. MEDICHECK DIAGNOSTICS,190,36581.0,September 2025.pdf,57
September 2025,Hospital,M/s. Medico Balussery,382,85094.0,September 2025.pdf,59
September 2025,Hospital,M/s. Mercy Hospital,173,99627.0,September 2025.pdf,60
September 2025,Hospital,M/s. Metromed International Cardiac Centre PVT.LTD,98,37393.0,September 2025.pdf,62
September 2025,Hospital,"M/s. Micro Diagnostics, Balussery",167,30516.0,September 2025.pdf,63
September 2025,Hospital,M/s. Micro Health Laboratories,112,101570.0,September 2025.pdf,64
September 2025,Hospital,M/s. Mother Health Care,136,29905.0,September 2025.pdf,64
September 2025,Hospital,M/s. MVR Cancer Centre & Research Institute,26,45072.0,September 2025.pdf,65
September 2025,Hospital,"M/s. NAHAS HOSPITAL,PARAPPANANGADI",446,229410.0,September 2025.pdf,66
September 2025,Hospital,M/s. Nanma Computerized Specialty Lab,127,20414.0,September 2025.pdf,67
September 2025,Hospital,M/s. Nazia Hospital Chettippadi,83,36311.0,September 2025.pdf,68
September 2025,Hospital,M/s. Ncare IVF Calicut,78,28350.0,September 2025.pdf,68
September 2025,Hospital,M/s. Neethi Lab Kadalundi,93,19830.0,September 2025.pdf,69
September 2025,Hospital,M/s. Neethi Lab Kunnamangalam,432,119761.0,September 2025.pdf,72
September 2025,Hospital,M/s. Neethi Lab Paroppadi,6,888.0,September 2025.pdf,72
September 2025,Hospital,M/s. Neethi Medical Laboratory Feroke,627,170759.0,September 2025.pdf,74
September 2025,Hospital,"M/s. Neethi Poly Clinic, Nanminda",434,84338.0,September 2025.pdf,76
September 2025,Hospital,M/s. Orchid Medicity,257,81254.0,September 2025.pdf,77
September 2025,Hospital,M/s. Parambil Bazar Neethi lab,57,14460.0,September 2025.pdf,78
September 2025,Hospital,M/s. Parco Institute Medical Sciences,4,1960.0,September 2025.pdf,78
September 2025,Hospital,M/s. Red Crescent Hospital,458,257102.0,September 2025.pdf,80
September 2025,Hospital,"M/s. Royal Lab, Mukkam",469,100529.0,September 2025.pdf,82
September 2025,Hospital,M/s. S.B Medical Laboratory,60,31080.0,September 2025.pdf,82
September 2025,Hospital,"M/s. Sahakarana Neethi Lab, Koduvally",231,39983.0,September 2025.pdf,83
September 2025,Hospital,M/s. Sankar Clinic & Nursing Home,56,29029.0,September 2025.pdf,84
September 2025,Hospital,"M/s. SANTHI HOSPITAL, OMASSERY",88,39787.0,September 2025.pdf,85
September 2025,Hospital,M/s. Shade Medical Center,200,59252.0,September 2025.pdf,86
September 2025,Hospital,M/s. Smart Hospital & Research Centre,62,14735.0,September 2025.pdf,86
September 2025,Hospital,M/s. St. JOSEPH HOSPITAL,93,48520.0,September 2025.pdf,87
September 2025,Hospital,M/s. Starcare Hospital,244,118883.0,September 2025.pdf,89
September 2025,Hospital,M/s. State Bank of India,358,45664.0,September 2025.pdf,90
September 2025,Hospital,M/s. Sudharma Lab,8,2990.0,September 2025.pdf,90
September 2025,Hospital,"M/s. T.M.H Hospital, Kottakadav",145,68691.0,September 2025.pdf,91
September 2025,Hospital,M/s. Vengeri Neethi Medical Lab,49,11678.0,September 2025.pdf,92
September 2025,Hospital,M/s. WellPhy Pain & Sports Clinic,541,90585.0,September 2025.pdf,93
September 2025,Hospital,M/s. Your Center,60,24084.0,September 2025.pdf,94
September 2025,Hospital,M/s.Premium Medical & Health Care Providers PvtLtd,37,24591.0,September 2025.pdf,94
September 2025,Hospital,Malabar Medical College Hospital & Research Center,133,103165.0,September 2025.pdf,95
September 2025,Lab,Auto Rickshaw Drivers Privilege Card -Calicut,12,2176.0,September 2025 (Lab).pdf,1
September 2025,Lab,DD,849,320260.0,September 2025 (Lab).pdf,5
September 2025,Lab,Dr. Das's Multispeciality Homoeopathy & Laboratory,19,5225.0,September 2025 (Lab).pdf,5
September 2025,Lab,Dr. Nisars GlobaI Scans & Diagnostic Centre,12,3976.0,September 2025 (Lab).pdf,6
September 2025,Lab,Health Packages,235,757850.0,September 2025 (Lab).pdf,7
September 2025,Lab,"Hepatitis B Titre Camp, W&C Hospital",109,65400.0,September 2025 (Lab).pdf,7
September 2025,Lab,Lal Path Labs,214,491160.0,September 2025 (Lab).pdf,9
September 2025,Lab,M/s. Abdussalam Clinic,33,8414.0,September 2025 (Lab).pdf,10
September 2025,Lab,M/s. Afiya River View Hospital,113,29906.0,September 2025 (Lab).pdf,11
September 2025,Lab,M/s. AKMM Hospital,61,10422.0,September 2025 (Lab).pdf,11
September 2025,Lab,M/s. Alpha Bio Lab,6,1115.0,September 2025 (Lab).pdf,11
September 2025,Lab,M/s. Aluer Skin Clinic,2,1400.0,September 2025 (Lab).pdf,11
September 2025,Lab,M/s. Amrutha Lab,6,5400.0,September 2025 (Lab).pdf,11
September 2025,Lab,M/s. Apex Ortho Centre,173,56490.0,September 2025 (Lab).pdf,12
September 2025,Lab,M/s. Areekara Medical Laboratory,19,7000.0,September 2025 (Lab).pdf,13
September 2025,Lab,M/s. Aswani Lab,26,2575.0,September 2025 (Lab).pdf,13
September 2025,Lab,M/s. Atera Aesthetics Kuttiadi,15,7420.0,September 2025 (Lab).pdf,13
September 2025,Lab,M/s. Aysha Computerised Lab,161,22484.0,September 2025 (Lab).pdf,14
September 2025,Lab,M/s. Aza Diagnostic Center,22,10649.0,September 2025 (Lab).pdf,14
September 2025,Lab,M/s. Bio Lab MVR Laboratories & Genomic Centre,10,3108.0,September 2025 (Lab).pdf,15
September 2025,Lab,M/s. Bioline Laboratory,8,3605.0,September 2025 (Lab).pdf,15
September 2025,Lab,M/s. Bio-Medical Diagnostic Centre,17,21560.0,September 2025 (Lab).pdf,15
September 2025,Lab,M/s. Calicut Dr. Nisar's,14,6650.0,September 2025 (Lab).pdf,15
September 2025,Lab,M/s. Care Referal Laboratories,44,34536.0,September 2025 (Lab).pdf,16
September 2025,Lab,M/s. Central Medical Lab & ECG,5,2945.0,September 2025 (Lab).pdf,16
September 2025,Lab,M/s. Central Medical Laboratory,4,1010.0,September 2025 (Lab).pdf,16
September 2025,Lab,M/s. Chemban Medical Centre,7,1515.0,September 2025 (Lab).pdf,16
September 2025,Lab,M/s. Delux Clinical Laboratory,44,9030.0,September 2025 (Lab).pdf,17
September 2025,Lab,M/s. Doctors Diagnostic and Research Centre,34,26632.0,September 2025 (Lab).pdf,17
September 2025,Lab,"M/s. Doctors Lab, Payyoli",118,49344.0,September 2025 (Lab).pdf,19
September 2025,Lab,M/s. Doctors Neethi Lab,43,9829.0,September 2025 (Lab).pdf,19
September 2025,Lab,"M/s. Doctors Speciality Lab, Tirur",23,11140.0,September 2025 (Lab).pdf,19
September 2025,Lab,M/s. Family Healthcare Clinic,2,300.0,September 2025 (Lab).pdf,20
September 2025,Lab,M/s. Fast & Safe Home Care,45,9195.0,September 2025 (Lab).pdf,20
September 2025,Lab,M/s. Health Medic Laboratory Services,229,130632.0,September 2025 (Lab).pdf,21
September 2025,Lab,M/s. Jaihind Diagnostic Center,31,2715.0,September 2025 (Lab).pdf,22
September 2025,Lab,"M/s. Janatha Hospital, Vadakara",1,640.0,September 2025 (Lab).pdf,22
September 2025,Lab,M/s. Jawad Laboratory,4,825.0,September 2025 (Lab).pdf,22
September 2025,Lab,M/s. Kakkur Co-operative Clinic,102,8910.0,September 2025 (Lab).pdf,22
September 2025,Lab,"M/s. Kalarikkal Lab, Chungam",8,493.0,September 2025 (Lab).pdf,22
September 2025,Lab,M/s. Karthika Clinical Laboratory,4,200.0,September 2025 (Lab).pdf,23
September 2025,Lab,M/s. Karunya Health Care,39,23966.0,September 2025 (Lab).pdf,23
September 2025,Lab,M/s. Koduvally Medical Center,61,15202.0,September 2025 (Lab).pdf,24
September 2025,Lab,M/s. Koyilandy Co-operative Hospital,18,5840.0,September 2025 (Lab).pdf,24
September 2025,Lab,"M/s. Life Pulse Diagnosis, Kottakadav",39,6762.0,September 2025 (Lab).pdf,25
September 2025,Lab,M/s. Lifeline Laboratory,11,1609.0,September 2025 (Lab).pdf,25
September 2025,Lab,M/s. Malabar Medical Centre,291,67249.0,September 2025 (Lab).pdf,27
September 2025,Lab,M/s. Manapad Clinic,1,280.0,September 2025 (Lab).pdf,27
September 2025,Lab,M/s. Mannur Baba Laboratory,21,2692.0,September 2025 (Lab).pdf,27
September 2025,Lab,M/s. Mayo Diagnostic Centre,1,210.0,September 2025 (Lab).pdf,27
September 2025,Lab,M/s. Medeor Medicals,4,2240.0,September 2025 (Lab).pdf,27
September 2025,Lab,M/s. Medicare Diagnostics,13,1526.0,September 2025 (Lab).pdf,27
September 2025,Lab,M/s. Medlab Atholi,3,2469.0,September 2025 (Lab).pdf,28
September 2025,Lab,M/s. Mercy Medical Laboratory,88,15374.0,September 2025 (Lab).pdf,28
September 2025,Lab,"M/s. Mithraa Health Laboratory, Chemmad",87,47740.0,September 2025 (Lab).pdf,29
September 2025,Lab,M/s. Momis Clinic,46,7408.0,September 2025 (Lab).pdf,30
September 2025,Lab,"M/s. MPC Hospital, Koduvally",3,875.0,September 2025 (Lab).pdf,30
September 2025,Lab,M/s. MR Clinic Lab,210,33015.0,September 2025 (Lab).pdf,31
September 2025,Lab,M/s. Mudra Yoga & Wellness Centre,9,3682.0,September 2025 (Lab).pdf,32
September 2025,Lab,M/s. National Lab & ECG,1,1960.0,September 2025 (Lab).pdf,32
September 2025,Lab,M/s. Neethi lab Balussery,66,17659.0,September 2025 (Lab).pdf,32
September 2025,Lab,"M/s. Neethi Lab Diagnostic Center, Vadakara",1,2100.0,September 2025 (Lab).pdf,33
September 2025,Lab,M/s. Neo lab Vatakara,2,700.0,September 2025 (Lab).pdf,33
September 2025,Lab,M/s. Nice Laboratory,19,2215.0,September 2025 (Lab).pdf,33
September 2025,Lab,M/s. Noonus Healthcare,22,2735.0,September 2025 (Lab).pdf,33
September 2025,Lab,M/s. Northern Gastro Centre,8,4690.0,September 2025 (Lab).pdf,33
September 2025,Lab,M/s. Payyoli Lab,38,7690.0,September 2025 (Lab).pdf,34
September 2025,Lab,M/s. Poly Lab Vatakara,56,16224.0,September 2025 (Lab).pdf,35
September 2025,Lab,M/s. Popular Diagnostics,1,420.0,September 2025 (Lab).pdf,35
September 2025,Lab,M/s. Rafa Mobile Nursing Care,21,4156.0,September 2025 (Lab).pdf,36
September 2025,Lab,M/s. RP Medhelix Diagnostics Pvt Ltd,38,12222.0,September 2025 (Lab).pdf,36
September 2025,Lab,M/s. S K Park Residence Association,2,112.0,September 2025 (Lab).pdf,36
September 2025,Lab,M/s. Sar Health Care,6,1581.0,September 2025 (Lab).pdf,36
September 2025,Lab,M/s. Shana Speciality Laboratory,6,3360.0,September 2025 (Lab).pdf,37
September 2025,Lab,M/s. Skin Hair Laser Clinic,1,560.0,September 2025 (Lab).pdf,37
September 2025,Lab,M/s. Spectra Medical Lab,2,525.0,September 2025 (Lab).pdf,37
September 2025,Lab,"M/s. Star Health Care Clinic, Nanmanda",30,7991.0,September 2025 (Lab).pdf,37
September 2025,Lab,M/s. Tely Medical Centre,1,640.0,September 2025 (Lab).pdf,37
September 2025,Lab,M/s. Thalayad Medical Laboratory,3,1412.0,September 2025 (Lab).pdf,37
September 2025,Lab,M/s. Tree Clinic,79,16511.0,September 2025 (Lab).pdf,38
September 2025,Lab,M/s. Ultra Diagnostic Center & ECG,20,2200.0,September 2025 (Lab).pdf,38
September 2025,Lab,M/s. V Trust Eye Hospital,20,4130.0,September 2025 (Lab).pdf,38
September 2025,Lab,M/s. V Trust Healthcare,3,500.0,September 2025 (Lab).pdf,38
September 2025,Lab,M/s. Viswas Diagnostic Surgical Polyclinic,94,15063.0,September 2025 (Lab).pdf,39
September 2025,Lab,M/s. We Care Polyclinic,61,11801.0,September 2025 (Lab).pdf,40
September 2025,Lab,M/s. Well Care Clinic,24,3745.0,September 2025 (Lab).pdf,40
September 2025,Lab,M/s.Nazah medical centre,1,350.0,September 2025 (Lab).pdf,40
September 2025,Lab,METROPOLIS,7,39160.0,September 2025 (Lab).pdf,40
September 2025,Lab,Parayancheri Residence Association Privilege Card,10,2048.0,September 2025 (Lab).pdf,41
September 2025,Lab,PRIVILEGE CUSTOMER,376,92038.0,September 2025 (Lab).pdf,42
September 2025,Lab,Puthiyara Ayalpakkavedhi Healthcamp,212,14780.0,September 2025 (Lab).pdf,43
September 2025,Lab,Senior Citizen Forum,15,1088.0,September 2025 (Lab).pdf,43
September 2025,Lab,Senior Citizen Welfare Association,11,1800.0,September 2025 (Lab).pdf,43
October 2025,Hospital,Beypore Neethi Diagnostic Centre,116,10206.0,October 2025.pdf,1
October 2025,Hospital,DISTRICT TB CENTRE,39,7020.0,October 2025.pdf,1
October 2025,Hospital,Dr. Agarwals Eye Hospital,45,18531.0,October 2025.pdf,2
October 2025,Hospital,Dr. Balram Healthcare Private Limited,34,19320.0,October 2025.pdf,2
October 2025,Hospital,"Dr. Chandrakanth, Malabar Nethralaya",77,36032.0,October 2025.pdf,3
October 2025,Hospital,Dr. Shaji’s MRI & Medical Research Center,204,51040.0,October 2025.pdf,5
October 2025,Hospital,Dr. Shaji's Diagnostic Centre,163,61768.0,October 2025.pdf,6
October 2025,Hospital,Dr. Suresh's DiabCare India,37,11551.0,October 2025.pdf,7
October 2025,Hospital,Dr. Thaj Skin & Hair Clinic,36,20370.0,October 2025.pdf,7
October 2025,Hospital,M/s R-Cell Diagnostics & Research Centre Pvt Ltd,33,19642.0,October 2025.pdf,7
October 2025,Hospital,M/s. Access Labz,72,13161.0,October 2025.pdf,8
October 2025,Hospital,M/s. Almas Hospital Kottakkal,20,41720.0,October 2025.pdf,8
October 2025,Hospital,M/s. Amana Hospital Kuttiadi,91,30871.0,October 2025.pdf,9
October 2025,Hospital,M/s. APOLLO XRAY DIAGNOSTIC CENTRE KOYILANDY,187,81476.0,October 2025.pdf,11
October 2025,Hospital,M/s. Ariyallur Neethi Medicals,128,20560.0,October 2025.pdf,12
October 2025,Hospital,M/s. Aroha Clinic,6,2710.0,October 2025.pdf,12
October 2025,Hospital,M/s. Ascent ENT Hospital & Medical Centre,26,20020.0,October 2025.pdf,12
October 2025,Hospital,"M/s. Ascent ENT Hospital, Perintalmanna",54,30870.0,October 2025.pdf,12
October 2025,Hospital,"M/s. ASCENT ENT HOSPITAL,KOZHIKODE",20,12600.0,October 2025.pdf,12
October 2025,Hospital,M/s. Asha Hospital,21,15330.0,October 2025.pdf,13
October 2025,Hospital,M/s. Asten Specialty Orthopaedic Hospital,42,23366.0,October 2025.pdf,13
October 2025,Hospital,M/s. Atholi Co-operative Hospital,68,14736.0,October 2025.pdf,14
October 2025,Hospital,M/s. Aza Diagnostic Center,1184,345763.5,October 2025.pdf,16
October 2025,Hospital,M/s. Baby Memorial Hospital,16,19313.0,October 2025.pdf,17
October 2025,Hospital,M/s. Badakara Co-Operative Hospital,119,84795.0,October 2025.pdf,18
October 2025,Hospital,"M/s. Bio Lab, Koduvally, Calicut",295,53717.0,October 2025.pdf,19
October 2025,Hospital,"M/s. BM Hospital, Pulikkal",74,28316.0,October 2025.pdf,20
October 2025,Hospital,M/s. C.M. Hospital,114,53320.0,October 2025.pdf,21
October 2025,Hospital,M/s. Calicut Hospital & Nursing Home,314,80299.0,October 2025.pdf,23
October 2025,Hospital,M/s. Chalapuram Saroj Lab,226,125688.0,October 2025.pdf,25
October 2025,Hospital,M/s. Comtrust Charitable Trust Eye Hospital,252,87901.0,October 2025.pdf,26
October 2025,Hospital,M/s. Comtrust Vision Center,27,4401.0,October 2025.pdf,26
October 2025,Hospital,M/s. CPC Medical Laboratory,8,5320.0,October 2025.pdf,26
October 2025,Hospital,M/s. Dependable Diagnostics,178,62039.0,October 2025.pdf,27
October 2025,Hospital,M/s. Diamond Healthcare Vadakara,71,27076.0,October 2025.pdf,28
October 2025,Hospital,M/s. DMS Hospital,181,91539.0,October 2025.pdf,30
October 2025,Hospital,M/s. Doctors United,216,37197.0,October 2025.pdf,30
October 2025,Hospital,"M/s. Dr. Manoj's ENT,Super Speciality & Research",687,120783.0,October 2025.pdf,31
October 2025,Hospital,M/s. EMS Memorial Co-Operative Hospital Perambra,148,76167.0,October 2025.pdf,33
October 2025,Hospital,"M/s. EMS Memorial Co-operative Hospital, Mukkam",36,27330.0,October 2025.pdf,33
October 2025,Hospital,"M/s. Fathima Hospital, Bank Road, Calicut",221,90937.0,October 2025.pdf,35
October 2025,Hospital,"M/s. Feroke Neethi Medical Centre, Kundayithodu",65,21183.0,October 2025.pdf,36
October 2025,Hospital,M/s. GMC Orthotrust Hospital,267,73892.0,October 2025.pdf,37
October 2025,Hospital,M/s. Indira Gandhi Co-Operative Hospital,27,22260.0,October 2025.pdf,37
October 2025,Hospital,M/s. Institute of Chest Disease MCH,1,144.0,October 2025.pdf,38
October 2025,Hospital,M/s. Iqraa International Hospital&Research Centre,85,30072.0,October 2025.pdf,38
October 2025,Hospital,M/s. JAIHIND LAB NADAPURAM,162,107977.0,October 2025.pdf,40
October 2025,Hospital,"M/s. JAIHIND LAB,KUTTIADI",42,8708.0,October 2025.pdf,40
October 2025,Hospital,M/s. Janatha Medical laboratory,679,288306.0,October 2025.pdf,42
October 2025,Hospital,M/s. Jas Health Care,53,16546.0,October 2025.pdf,43
October 2025,Hospital,M/s. Jeeva Speciality Laboratory,4,2030.0,October 2025.pdf,43
October 2025,Hospital,M/s. Kalarikkal X-ray Laboratory & ECG,240,41442.0,October 2025.pdf,44
October 2025,Hospital,"M/s. Karuna Poly Clinic, Kakattil",172,35881.0,October 2025.pdf,45
October 2025,Hospital,M/s. KIMS Trust Hospital,122,87742.0,October 2025.pdf,46
October 2025,Hospital,M/s. Kommeri Neethi Lab,248,45836.0,October 2025.pdf,48
October 2025,Hospital,M/s. Kootalida Neethi Medical Lab,253,43473.0,October 2025.pdf,49
October 2025,Hospital,M/s. Koyas Hospital,44,25263.0,October 2025.pdf,49
October 2025,Hospital,M/s. Kozhikode District Co-Operative Hospital Ltd,200,141343.0,October 2025.pdf,51
October 2025,Hospital,"M/s. Life Care Lab, Koottalida, Calicut",73,12390.0,October 2025.pdf,51
October 2025,Hospital,M/s. Life Care Neethi Lab Payyoli,3,1120.0,October 2025.pdf,52
October 2025,Hospital,M/s. M.B. Hospital Malappuram,131,96353.0,October 2025.pdf,53
October 2025,Hospital,M/s. M.K.Haji Orphanage Hospital,235,140466.0,October 2025.pdf,54
October 2025,Hospital,M/s. Malabar Hospitals,284,109668.0,October 2025.pdf,56
October 2025,Hospital,M/s. Mammi's Laboratory,48,27685.0,October 2025.pdf,57
October 2025,Hospital,M/s. MDC Laboratory,160,91496.0,October 2025.pdf,58
October 2025,Hospital,"M/s. MEDI CARE,DIAGNOSTICS & RESEARCH CENTRE",2,385.0,October 2025.pdf,58
October 2025,Hospital,M/s. MEDICHECK DIAGNOSTICS,185,33808.0,October 2025.pdf,59
October 2025,Hospital,M/s. Medico Balussery,364,70206.0,October 2025.pdf,61
October 2025,Hospital,M/s. Mercy Hospital,196,109405.0,October 2025.pdf,62
October 2025,Hospital,M/s. Metromed International Cardiac Centre PVT.LTD,82,35453.0,October 2025.pdf,63
October 2025,Hospital,"M/s. Micro Diagnostics, Balussery",200,43997.0,October 2025.pdf,65
October 2025,Hospital,M/s. Micro Health Laboratories,142,96110.0,October 2025.pdf,66
October 2025,Hospital,M/s. Mother Health Care,131,30626.0,October 2025.pdf,66
October 2025,Hospital,M/s. MVR Cancer Centre & Research Institute,35,56118.0,October 2025.pdf,67
October 2025,Hospital,"M/s. NAHAS HOSPITAL,PARAPPANANGADI",425,228463.0,October 2025.pdf,69
October 2025,Hospital,M/s. Nanma Computerized Specialty Lab,134,16807.0,October 2025.pdf,69
October 2025,Hospital,M/s. Nazia Hospital Chettippadi,85,33551.0,October 2025.pdf,70
October 2025,Hospital,M/s. Ncare IVF Calicut,58,21879.0,October 2025.pdf,71
October 2025,Hospital,M/s. Neethi Lab Kadalundi,102,18670.0,October 2025.pdf,72
October 2025,Hospital,M/s. Neethi Lab Kunnamangalam,503,135988.0,October 2025.pdf,74
October 2025,Hospital,"M/s. Neethi Laboratory, Balussery Mukku",13,880.0,October 2025.pdf,74
October 2025,Hospital,M/s. Neethi Medical Laboratory Feroke,672,200579.0,October 2025.pdf,77
October 2025,Hospital,"M/s. Neethi Poly Clinic, Nanminda",417,83154.0,October 2025.pdf,79
October 2025,Hospital,M/s. Orchid Medicity,233,77939.0,October 2025.pdf,80
October 2025,Hospital,M/s. Parambil Bazar Neethi lab,63,17060.0,October 2025.pdf,81
October 2025,Hospital,M/s. Red Crescent Hospital,525,288250.0,October 2025.pdf,83
October 2025,Hospital,"M/s. Royal Lab, Mukkam",463,97281.0,October 2025.pdf,84
October 2025,Hospital,M/s. S.B Medical Laboratory,57,39760.0,October 2025.pdf,84
October 2025,Hospital,"M/s. Sahakarana Neethi Lab, Koduvally",256,48194.0,October 2025.pdf,86
October 2025,Hospital,M/s. Sankar Clinic & Nursing Home,70,36519.0,October 2025.pdf,86
October 2025,Hospital,"M/s. SANTHI HOSPITAL, OMASSERY",103,53354.0,October 2025.pdf,88
October 2025,Hospital,M/s. Shade Medical Center,244,84168.0,October 2025.pdf,89
October 2025,Hospital,M/s. Smart Hospital & Research Centre,66,15499.0,October 2025.pdf,89
October 2025,Hospital,M/s. St. JOSEPH HOSPITAL,108,67266.0,October 2025.pdf,90
October 2025,Hospital,M/s. Starcare Hospital,180,89599.0,October 2025.pdf,91
October 2025,Hospital,M/s. State Bank of India,453,57980.0,October 2025.pdf,92
October 2025,Hospital,M/s. Sudharma Lab,2,840.0,October 2025.pdf,92
October 2025,Hospital,"M/s. T.M.H Hospital, Kottakadav",167,71558.0,October 2025.pdf,94
October 2025,Hospital,M/s. Vengeri Neethi Medical Lab,38,7353.0,October 2025.pdf,95
October 2025,Hospital,M/s. WellPhy Pain & Sports Clinic,461,78199.0,October 2025.pdf,95
October 2025,Hospital,M/s. Your Center,88,37942.0,October 2025.pdf,97
October 2025,Hospital,M/s.Premium Medical & Health Care Providers PvtLtd,43,39620.0,October 2025.pdf,97
October 2025,Hospital,Malabar Medical College Hospital & Research Center,184,137091.0,October 2025.pdf,99
October 2025,Lab,Auto Rickshaw Drivers Privilege Card -Calicut,1,120.0,October 2025 (Lab).pdf,1
October 2025,Lab,DD,1048,427285.0,October 2025 (Lab).pdf,5
October 2025,Lab,Dr Buddies Health Hub,1,420.0,October 2025 (Lab).pdf,5
October 2025,Lab,Dr. Das's Multispeciality Homoeopathy & Laboratory,24,6328.0,October 2025 (Lab).pdf,5
October 2025,Lab,Dr. Nisars GlobaI Scans & Diagnostic Centre,19,6090.0,October 2025 (Lab).pdf,6
October 2025,Lab,Health Packages,188,653860.0,October 2025 (Lab).pdf,7
October 2025,Lab,Hepatitis B Titre Camp - Chest Hospital,5,1500.0,October 2025 (Lab).pdf,7
October 2025,Lab,Jail Road South Residence Association,4,992.0,October 2025 (Lab).pdf,7
October 2025,Lab,Lal Path Labs,185,448320.0,October 2025 (Lab).pdf,9
October 2025,Lab,M/s. Abdussalam Clinic,28,6628.0,October 2025 (Lab).pdf,9
October 2025,Lab,M/s. Afiya River View Hospital,53,22488.0,October 2025 (Lab).pdf,10
October 2025,Lab,M/s. AKMM Hospital,51,11988.0,October 2025 (Lab).pdf,11
October 2025,Lab,M/s. Amrutha Lab,14,14500.0,October 2025 (Lab).pdf,11
October 2025,Lab,M/s. Apex Ortho Centre,218,60830.0,October 2025 (Lab).pdf,12
October 2025,Lab,M/s. Apollo Neethi Lab,5,766.0,October 2025 (Lab).pdf,12
October 2025,Lab,M/s. Areekara Medical Laboratory,28,15134.0,October 2025 (Lab).pdf,12
October 2025,Lab,M/s. Aswani Lab,26,1765.0,October 2025 (Lab).pdf,12
October 2025,Lab,M/s. Atera Aesthetics Kuttiadi,21,9660.0,October 2025 (Lab).pdf,13
October 2025,Lab,M/s. Aysha Computerised Lab,128,20982.0,October 2025 (Lab).pdf,14
October 2025,Lab,M/s. Bioline Laboratory,3,1820.0,October 2025 (Lab).pdf,14
October 2025,Lab,M/s. Bio-Medical Diagnostic Centre,12,15680.0,October 2025 (Lab).pdf,14
October 2025,Lab,M/s. Calicut Dr. Nisar's,15,5138.0,October 2025 (Lab).pdf,14
October 2025,Lab,M/s. Care Referal Laboratories,32,25501.0,October 2025 (Lab).pdf,15
October 2025,Lab,M/s. Central Medical Lab & ECG,26,9578.0,October 2025 (Lab).pdf,15
October 2025,Lab,M/s. Chemban Medical Centre,12,3450.0,October 2025 (Lab).pdf,16
October 2025,Lab,M/s. Delux Clinical Laboratory,39,10419.0,October 2025 (Lab).pdf,16
October 2025,Lab,M/s. Doctors Diagnostic and Research Centre,60,25677.0,October 2025 (Lab).pdf,17
October 2025,Lab,M/s. Doctors Lab Thamarasserry,1,1960.0,October 2025 (Lab).pdf,17
October 2025,Lab,"M/s. Doctors Lab, Payyoli",124,49068.0,October 2025 (Lab).pdf,19
October 2025,Lab,M/s. Doctors Neethi Lab,42,8517.0,October 2025 (Lab).pdf,19
October 2025,Lab,"M/s. Doctors Speciality Lab, Tirur",48,35425.0,October 2025 (Lab).pdf,19
October 2025,Lab,M/s. Emergency Care Pulikkal,7,1365.0,October 2025 (Lab).pdf,20
October 2025,Lab,M/s. Fast & Safe Home Care,64,11906.0,October 2025 (Lab).pdf,20
October 2025,Lab,M/s. Health Medic Laboratory Services,240,152542.0,October 2025 (Lab).pdf,21
October 2025,Lab,M/s. Jaihind Diagnostic Center,29,3813.0,October 2025 (Lab).pdf,22
October 2025,Lab,"M/s. Janatha Hospital, Vadakara",2,4025.0,October 2025 (Lab).pdf,22
October 2025,Lab,M/s. Jas Karunya Medical Lab,2,120.0,October 2025 (Lab).pdf,22
October 2025,Lab,M/s. Jawad Laboratory,2,1120.0,October 2025 (Lab).pdf,22
October 2025,Lab,M/s. Jeevana Speciality Clinic,8,1230.0,October 2025 (Lab).pdf,22
October 2025,Lab,M/s. Kakkur Co-operative Clinic,101,9227.0,October 2025 (Lab).pdf,23
October 2025,Lab,"M/s. Kalarikkal Lab, Chungam",14,2066.0,October 2025 (Lab).pdf,23
October 2025,Lab,M/s. Karthika Clinical Laboratory,3,150.0,October 2025 (Lab).pdf,23
October 2025,Lab,M/s. Karunya Health Care,62,45835.0,October 2025 (Lab).pdf,24
October 2025,Lab,M/s. Karunya Lab,1,154.0,October 2025 (Lab).pdf,24
October 2025,Lab,M/s. Koduvally Medical Center,53,10075.0,October 2025 (Lab).pdf,25
October 2025,Lab,M/s. Koyilandy Co-operative Hospital,16,3727.0,October 2025 (Lab).pdf,25
October 2025,Lab,"M/s. Life Pulse Diagnosis, Kottakadav",50,8229.0,October 2025 (Lab).pdf,26
October 2025,Lab,M/s. Lifeline Laboratory,6,1830.0,October 2025 (Lab).pdf,26
October 2025,Lab,M/s. Malabar Medical Centre,231,48869.0,October 2025 (Lab).pdf,27
October 2025,Lab,M/s. Manapad Clinic,2,560.0,October 2025 (Lab).pdf,27
October 2025,Lab,M/s. Mannur Baba Laboratory,38,4641.0,October 2025 (Lab).pdf,28
October 2025,Lab,M/s. Medeor Medicals,2,1120.0,October 2025 (Lab).pdf,28
October 2025,Lab,M/s. Medicare Diagnostics,20,4200.0,October 2025 (Lab).pdf,28
October 2025,Lab,M/s. Medicare Tanur,2,1120.0,October 2025 (Lab).pdf,28
October 2025,Lab,M/s. Medlab Atholi,1,350.0,October 2025 (Lab).pdf,28
October 2025,Lab,M/s. Medstar Healthcare,5,294.0,October 2025 (Lab).pdf,28
October 2025,Lab,M/s. Mercy Medical Laboratory,115,17196.0,October 2025 (Lab).pdf,29
October 2025,Lab,"M/s. Mithraa Health Laboratory, Chemmad",125,70953.0,October 2025 (Lab).pdf,31
October 2025,Lab,M/s. Momis Clinic,55,9153.0,October 2025 (Lab).pdf,31
October 2025,Lab,"M/s. MPC Hospital, Koduvally",95,24710.0,October 2025 (Lab).pdf,32
October 2025,Lab,M/s. MR Clinic Lab,161,23422.0,October 2025 (Lab).pdf,33
October 2025,Lab,M/s. Mudra Yoga & Wellness Centre,6,1533.0,October 2025 (Lab).pdf,33
October 2025,Lab,M/s. National Lab & ECG,10,3355.0,October 2025 (Lab).pdf,34
October 2025,Lab,M/s. Neethi lab Balussery,93,24848.0,October 2025 (Lab).pdf,35
October 2025,Lab,M/s. Neha Diagnostic Centre,1,315.0,October 2025 (Lab).pdf,35
October 2025,Lab,M/s. Nice Laboratory,19,3965.0,October 2025 (Lab).pdf,35
October 2025,Lab,M/s. Noonus Healthcare,15,1430.0,October 2025 (Lab).pdf,35
October 2025,Lab,M/s. Northern Gastro Centre,12,6370.0,October 2025 (Lab).pdf,35
October 2025,Lab,M/s. Payyoli Lab,27,4551.0,October 2025 (Lab).pdf,36
October 2025,Lab,M/s. Poly Lab Vatakara,48,17422.0,October 2025 (Lab).pdf,37
October 2025,Lab,M/s. Popular Diagnostics,11,7449.0,October 2025 (Lab).pdf,37
October 2025,Lab,M/s. Prana Advance Path Labs,109,81577.0,October 2025 (Lab).pdf,39
October 2025,Lab,M/s. Rafa Mobile Nursing Care,46,9624.0,October 2025 (Lab).pdf,39
October 2025,Lab,M/s. RP Medhelix Diagnostics Pvt Ltd,24,8295.0,October 2025 (Lab).pdf,40
October 2025,Lab,M/s. S K Park Residence Association,10,1048.0,October 2025 (Lab).pdf,40
October 2025,Lab,M/s. Sar Health Care,8,1708.0,October 2025 (Lab).pdf,40
October 2025,Lab,M/s. Shana Speciality Laboratory,7,6720.0,October 2025 (Lab).pdf,41
October 2025,Lab,M/s. Spectra Medical Lab,3,1238.0,October 2025 (Lab).pdf,41
October 2025,Lab,"M/s. Star Health Care Clinic, Nanmanda",30,5763.0,October 2025 (Lab).pdf,41
October 2025,Lab,M/s. Thalayad Medical Laboratory,14,4153.0,October 2025 (Lab).pdf,42
October 2025,Lab,M/s. Tree Clinic,89,19962.0,October 2025 (Lab).pdf,43
October 2025,Lab,M/s. Ultra Diagnostic Center & ECG,21,3045.0,October 2025 (Lab).pdf,43
October 2025,Lab,M/s. V Trust Eye Hospital,22,4480.0,October 2025 (Lab).pdf,43
October 2025,Lab,M/s. V Trust Healthcare,4,360.0,October 2025 (Lab).pdf,43
October 2025,Lab,M/s. Viswas Diagnostic Surgical Polyclinic,68,8032.0,October 2025 (Lab).pdf,44
October 2025,Lab,M/s. We Care Polyclinic,87,20411.0,October 2025 (Lab).pdf,45
October 2025,Lab,M/s. Well Care Clinic,46,6762.0,October 2025 (Lab).pdf,45
October 2025,Lab,M/s. Wellness Mediclinic,4,570.0,October 2025 (Lab).pdf,45
October 2025,Lab,M/s.Nazah medical centre,1,350.0,October 2025 (Lab).pdf,45
October 2025,Lab,METROPOLIS,13,52630.0,October 2025 (Lab).pdf,46
October 2025,Lab,Parayancheri Residence Association Privilege Card,7,7064.0,October 2025 (Lab).pdf,46
October 2025,Lab,Pratheeksha Health Camp,371,46610.0,October 2025 (Lab).pdf,47
October 2025,Lab,PRIVILEGE CUSTOMER,399,90559.0,October 2025 (Lab).pdf,49
October 2025,Lab,Puthiyara Ayalpakkavedhi Healthcamp,2,1250.0,October 2025 (Lab).pdf,49
October 2025,Lab,Senior Citizen Welfare Association,23,3951.0,October 2025 (Lab).pdf,49
October 2025,Lab,SKPCC Senior Citizens Forum Privilege Card,5,1352.0,October 2025 (Lab).pdf,50
November 2025,Hospital,Beypore Neethi Diagnostic Centre,91,8642.0,November 2025.pdf,1
November 2025,Hospital,DISTRICT TB CENTRE,27,4860.0,November 2025.pdf,1
November 2025,Hospital,Dr. Agarwals Eye Hospital,44,15013.0,November 2025.pdf,2
November 2025,Hospital,Dr. Balram Healthcare Private Limited,17,10500.0,November 2025.pdf,2
November 2025,Hospital,"Dr. Chandrakanth, Malabar Nethralaya",44,17915.0,November 2025.pdf,3
November 2025,Hospital,Dr. Shaji’s MRI & Medical Research Center,145,54950.0,November 2025.pdf,4
November 2025,Hospital,Dr. Shaji's Diagnostic Centre,138,61484.0,November 2025.pdf,5
November 2025,Hospital,Dr. Suresh's DiabCare India,38,14891.0,November 2025.pdf,6
November 2025,Hospital,Dr. Thaj Skin & Hair Clinic,34,19110.0,November 2025.pdf,6
November 2025,Hospital,M/s R-Cell Diagnostics & Research Centre Pvt Ltd,22,16114.0,November 2025.pdf,7
November 2025,Hospital,M/s. Access Labz,63,12434.0,November 2025.pdf,8
November 2025,Hospital,M/s. Almas Hospital Kottakkal,33,64750.0,November 2025.pdf,8
November 2025,Hospital,M/s. Amana Hospital Kuttiadi,71,25725.0,November 2025.pdf,8
November 2025,Hospital,M/s. APOLLO XRAY DIAGNOSTIC CENTRE KOYILANDY,207,87644.0,November 2025.pdf,10
November 2025,Hospital,M/s. Ariyallur Neethi Medicals,153,25186.0,November 2025.pdf,11
November 2025,Hospital,M/s. Aroha Clinic,1,0.0,November 2025.pdf,11
November 2025,Hospital,M/s. Ascent ENT Hospital & Medical Centre,10,5390.0,November 2025.pdf,11
November 2025,Hospital,"M/s. Ascent ENT Hospital, Perintalmanna",61,33852.0,November 2025.pdf,12
November 2025,Hospital,"M/s. ASCENT ENT HOSPITAL,KOZHIKODE",21,13580.0,November 2025.pdf,12
November 2025,Hospital,M/s. Asha Hospital,33,17612.0,November 2025.pdf,12
November 2025,Hospital,M/s. Asten Specialty Orthopaedic Hospital,21,8736.0,November 2025.pdf,13
November 2025,Hospital,M/s. Atholi Co-operative Hospital,82,17698.0,November 2025.pdf,14
November 2025,Hospital,M/s. Aza Diagnostic Center,1971,583934.0,November 2025.pdf,16
November 2025,Hospital,M/s. Baby Memorial Hospital,21,22526.0,November 2025.pdf,16
November 2025,Hospital,M/s. Badakara Co-Operative Hospital,94,60476.0,November 2025.pdf,17
November 2025,Hospital,"M/s. Bio Lab, Koduvally, Calicut",285,60734.0,November 2025.pdf,19
November 2025,Hospital,"M/s. BM Hospital, Pulikkal",59,16925.0,November 2025.pdf,19
November 2025,Hospital,M/s. C.M. Hospital,126,63171.0,November 2025.pdf,20
November 2025,Hospital,M/s. Calicut Hospital & Nursing Home,329,84179.0,November 2025.pdf,22
November 2025,Hospital,M/s. Chalapuram Saroj Lab,175,124180.0,November 2025.pdf,24
November 2025,Hospital,M/s. Comtrust Charitable Trust Eye Hospital,261,80700.0,November 2025.pdf,25
November 2025,Hospital,M/s. Comtrust Vision Center,28,4564.0,November 2025.pdf,25
November 2025,Hospital,M/s. CPC Medical Laboratory,12,5894.0,November 2025.pdf,25
November 2025,Hospital,M/s. Dependable Diagnostics,220,83904.0,November 2025.pdf,27
November 2025,Hospital,M/s. Diamond Healthcare Vadakara,84,28017.0,November 2025.pdf,28
November 2025,Hospital,M/s. DMS Hospital,180,86171.0,November 2025.pdf,29
November 2025,Hospital,M/s. Doctors United,187,31732.0,November 2025.pdf,30
November 2025,Hospital,"M/s. Dr. Manoj's ENT,Super Speciality & Research",494,93991.0,November 2025.pdf,31
November 2025,Hospital,M/s. EMS Memorial Co-Operative Hospital Perambra,141,83506.0,November 2025.pdf,33
November 2025,Hospital,"M/s. EMS Memorial Co-operative Hospital, Mukkam",41,23635.0,November 2025.pdf,33
November 2025,Hospital,"M/s. Fathima Hospital, Bank Road, Calicut",195,88519.0,November 2025.pdf,35
November 2025,Hospital,"M/s. Feroke Neethi Medical Centre, Kundayithodu",69,17478.0,November 2025.pdf,36
November 2025,Hospital,M/s. GMC Orthotrust Hospital,155,40368.0,November 2025.pdf,36
November 2025,Hospital,M/s. Indira Gandhi Co-Operative Hospital,22,16800.0,November 2025.pdf,37
November 2025,Hospital,M/s. Iqraa International Hospital&Research Centre,76,25987.0,November 2025.pdf,37
November 2025,Hospital,M/s. JAIHIND LAB NADAPURAM,146,99118.0,November 2025.pdf,38
November 2025,Hospital,"M/s. JAIHIND LAB,KUTTIADI",36,8262.0,November 2025.pdf,39
November 2025,Hospital,M/s. Janatha Medical laboratory,558,221940.0,November 2025.pdf,42
November 2025,Hospital,M/s. Jas Health Care,71,23253.0,November 2025.pdf,42
November 2025,Hospital,M/s. Jeeva Speciality Laboratory,2,770.0,November 2025.pdf,42
November 2025,Hospital,M/s. Kalarikkal X-ray Laboratory & ECG,192,21940.0,November 2025.pdf,43
November 2025,Hospital,"M/s. Karuna Poly Clinic, Kakattil",148,24129.0,November 2025.pdf,44
November 2025,Hospital,M/s. KIMS Trust Hospital,108,99985.0,November 2025.pdf,45
November 2025,Hospital,M/s. Kommeri Neethi Lab,258,43936.0,November 2025.pdf,46
November 2025,Hospital,M/s. Kootalida Neethi Medical Lab,242,42481.0,November 2025.pdf,47
November 2025,Hospital,M/s. Koyas Hospital,32,19817.0,November 2025.pdf,48
November 2025,Hospital,M/s. Kozhikode District Co-Operative Hospital Ltd,175,88676.0,November 2025.pdf,49
November 2025,Hospital,"M/s. Life Care Lab, Koottalida, Calicut",46,8064.0,November 2025.pdf,50
November 2025,Hospital,M/s. Life Care Neethi Lab Payyoli,2,2359.0,November 2025.pdf,50
November 2025,Hospital,M/s. M.B. Hospital Malappuram,137,96533.0,November 2025.pdf,51
November 2025,Hospital,M/s. M.K.Haji Orphanage Hospital,212,128800.0,November 2025.pdf,52
November 2025,Hospital,M/s. Mahe Neethi Lab & Diagnostic Centre,7,3150.0,November 2025.pdf,53
November 2025,Hospital,M/s. Malabar Hospitals,235,96899.0,November 2025.pdf,54
November 2025,Hospital,M/s. Mammi's Laboratory,45,27594.0,November 2025.pdf,54
November 2025,Hospital,M/s. MDC Laboratory,120,76900.0,November 2025.pdf,55
November 2025,Hospital,M/s. MEDICHECK DIAGNOSTICS,185,42183.0,November 2025.pdf,56
November 2025,Hospital,M/s. Medico Balussery,324,68275.0,November 2025.pdf,58
November 2025,Hospital,M/s. Mercy Hospital,170,103337.0,November 2025.pdf,59
November 2025,Hospital,M/s. Metromed International Cardiac Centre PVT.LTD,50,20597.0,November 2025.pdf,60
November 2025,Hospital,"M/s. Micro Diagnostics, Balussery",217,58932.0,November 2025.pdf,62
November 2025,Hospital,M/s. Micro Health Laboratories,134,113212.0,November 2025.pdf,62
November 2025,Hospital,M/s. Mother Health Care,139,29665.0,November 2025.pdf,63
November 2025,Hospital,M/s. MVR Cancer Centre & Research Institute,29,49938.0,November 2025.pdf,64
November 2025,Hospital,"M/s. NAHAS HOSPITAL,PARAPPANANGADI",426,221663.0,November 2025.pdf,65
November 2025,Hospital,M/s. Nanma Computerized Specialty Lab,141,17468.0,November 2025.pdf,66
November 2025,Hospital,M/s. Nazia Hospital Chettippadi,98,35357.0,November 2025.pdf,67
November 2025,Hospital,M/s. Ncare IVF Calicut,48,16730.0,November 2025.pdf,67
November 2025,Hospital,M/s. Neethi Lab Kadalundi,103,22984.0,November 2025.pdf,68
November 2025,Hospital,M/s. Neethi Lab Kunnamangalam,469,136349.0,November 2025.pdf,71
November 2025,Hospital,M/s. Neethi Lab Pantheerankavu,68,4583.0,November 2025.pdf,71
November 2025,Hospital,"M/s. Neethi Laboratory, Balussery Mukku",96,13722.0,November 2025.pdf,72
November 2025,Hospital,M/s. Neethi Medical Laboratory Feroke,603,202785.0,November 2025.pdf,75
November 2025,Hospital,"M/s. Neethi Poly Clinic, Nanminda",354,71327.0,November 2025.pdf,76
November 2025,Hospital,M/s. Orchid Medicity,217,77110.0,November 2025.pdf,78
November 2025,Hospital,M/s. Parambil Bazar Neethi lab,53,10947.0,November 2025.pdf,79
November 2025,Hospital,M/s. Red Crescent Hospital,419,212795.0,November 2025.pdf,81
November 2025,Hospital,"M/s. Royal Lab, Mukkam",420,91915.0,November 2025.pdf,82
November 2025,Hospital,M/s. S.B Medical Laboratory,42,28035.0,November 2025.pdf,82
November 2025,Hospital,"M/s. Sahakarana Neethi Lab, Koduvally",244,45494.0,November 2025.pdf,84
November 2025,Hospital,M/s. Sankar Clinic & Nursing Home,53,29904.0,November 2025.pdf,84
November 2025,Hospital,"M/s. SANTHI HOSPITAL, OMASSERY",111,69748.0,November 2025.pdf,85
November 2025,Hospital,M/s. Shade Medical Center,274,93641.0,November 2025.pdf,86
November 2025,Hospital,M/s. Smart Hospital & Research Centre,90,21505.0,November 2025.pdf,87
November 2025,Hospital,M/s. St. JOSEPH HOSPITAL,96,76600.0,November 2025.pdf,87
November 2025,Hospital,M/s. Starcare Hospital,189,97955.0,November 2025.pdf,89
November 2025,Hospital,M/s. State Bank of India,421,53456.0,November 2025.pdf,90
November 2025,Hospital,M/s. Sudharma Lab,4,7385.0,November 2025.pdf,90
November 2025,Hospital,"M/s. T.M.H Hospital, Kottakadav",150,70121.0,November 2025.pdf,92
November 2025,Hospital,"M/s. TELLI CO OPERATIVE HOSPITAL, TELLICHERY",30,15400.0,November 2025.pdf,92
November 2025,Hospital,M/s. Vengeri Neethi Medical Lab,60,11928.0,November 2025.pdf,93
November 2025,Hospital,M/s. WellPhy Pain & Sports Clinic,499,86015.0,November 2025.pdf,94
November 2025,Hospital,M/s. Your Center,76,27892.0,November 2025.pdf,95
November 2025,Hospital,M/s.Premium Medical & Health Care Providers PvtLtd,30,24388.0,November 2025.pdf,95
November 2025,Hospital,Malabar Medical College Hospital & Research Center,178,127784.0,November 2025.pdf,97
November 2025,Lab,DD,1166,424110.0,November 2025 (Lab).pdf,4
November 2025,Lab,Dr. Das's Multispeciality Homoeopathy & Laboratory,18,3085.0,November 2025 (Lab).pdf,5
November 2025,Lab,Dr. Nisars GlobaI Scans & Diagnostic Centre,66,9380.0,November 2025 (Lab).pdf,5
November 2025,Lab,Dr. Riyas Ali's ENT Centre,1,560.0,November 2025 (Lab).pdf,5
November 2025,Lab,Dr. Shihab Thanghal Memorial Hospital,2,1520.0,November 2025 (Lab).pdf,5
November 2025,Lab,Health Packages,209,737200.0,November 2025 (Lab).pdf,6
November 2025,Lab,Jail Road South Residence Association,7,1440.0,November 2025 (Lab).pdf,6
November 2025,Lab,Lal Path Labs,170,409450.0,November 2025 (Lab).pdf,9
November 2025,Lab,Lions Club Kidney Camp,164,14720.0,November 2025 (Lab).pdf,9
November 2025,Lab,M/s. Abdussalam Clinic,22,5375.0,November 2025 (Lab).pdf,9
November 2025,Lab,M/s. Afiya River View Hospital,21,4808.0,November 2025 (Lab).pdf,9
November 2025,Lab,M/s. AKMM Hospital,44,8682.0,November 2025 (Lab).pdf,10
November 2025,Lab,M/s. Amrutha Lab,3,2100.0,November 2025 (Lab).pdf,10
November 2025,Lab,M/s. Apex Ortho Centre,138,43250.0,November 2025 (Lab).pdf,11
November 2025,Lab,M/s. Apollo Neethi Lab,8,665.0,November 2025 (Lab).pdf,11
November 2025,Lab,M/s. Areekara Medical Laboratory,26,9303.0,November 2025 (Lab).pdf,11
November 2025,Lab,M/s. Asha Neethi Lab,6,8372.0,November 2025 (Lab).pdf,11
November 2025,Lab,M/s. Aswani Lab,12,960.0,November 2025 (Lab).pdf,12
November 2025,Lab,M/s. Atera Aesthetics Kuttiadi,17,7840.0,November 2025 (Lab).pdf,12
November 2025,Lab,M/s. Athul Laboratory,2,365.0,November 2025 (Lab).pdf,12
November 2025,Lab,M/s. Aysha Computerised Lab,145,21940.0,November 2025 (Lab).pdf,13
November 2025,Lab,M/s. Bioline Laboratory,12,2492.0,November 2025 (Lab).pdf,13
November 2025,Lab,M/s. Bio-Medical Diagnostic Centre,5,6580.0,November 2025 (Lab).pdf,13
November 2025,Lab,M/s. Calicut Dr. Nisar's,15,9688.0,November 2025 (Lab).pdf,14
November 2025,Lab,M/s. Care Referal Laboratories,24,21532.0,November 2025 (Lab).pdf,14
November 2025,Lab,M/s. Central Medical Lab & ECG,35,15218.0,November 2025 (Lab).pdf,15
November 2025,Lab,M/s. Delux Clinical Laboratory,40,9887.0,November 2025 (Lab).pdf,15
November 2025,Lab,M/s. Doctors Diagnostic and Research Centre,64,30707.0,November 2025 (Lab).pdf,16
November 2025,Lab,M/s. Doctors Lab Thamarasserry,1,1960.0,November 2025 (Lab).pdf,16
November 2025,Lab,"M/s. Doctors Lab, Payyoli",107,46280.0,November 2025 (Lab).pdf,18
November 2025,Lab,M/s. Doctors Neethi Lab,25,4723.0,November 2025 (Lab).pdf,18
November 2025,Lab,"M/s. Doctors Speciality Lab, Tirur",7,3460.0,November 2025 (Lab).pdf,18
November 2025,Lab,M/s. Emergency Care Pulikkal,1,210.0,November 2025 (Lab).pdf,18
November 2025,Lab,M/s. Family Healthcare Clinic,3,3925.0,November 2025 (Lab).pdf,18
November 2025,Lab,M/s. Fast & Safe Home Care,37,3954.0,November 2025 (Lab).pdf,19
November 2025,Lab,M/s. Health Medic Laboratory Services,219,144076.0,November 2025 (Lab).pdf,20
November 2025,Lab,M/s. Health Vision Laboratory,1,560.0,November 2025 (Lab).pdf,20
November 2025,Lab,M/s. Ideal Lab,32,7596.0,November 2025 (Lab).pdf,21
November 2025,Lab,M/s. Jaihind Diagnostic Center,22,1800.0,November 2025 (Lab).pdf,21
November 2025,Lab,"M/s. Janatha Hospital, Vadakara",6,2710.0,November 2025 (Lab).pdf,21
November 2025,Lab,M/s. Jeevana Speciality Clinic,32,11071.0,November 2025 (Lab).pdf,22
November 2025,Lab,M/s. Kakkur Co-operative Clinic,124,10860.0,November 2025 (Lab).pdf,22
November 2025,Lab,"M/s. Kalarikkal Lab, Chungam",12,1142.0,November 2025 (Lab).pdf,22
November 2025,Lab,M/s. Karthika Clinical Laboratory,13,1455.0,November 2025 (Lab).pdf,23
November 2025,Lab,M/s. Karunya Health Care,39,31156.0,November 2025 (Lab).pdf,23
November 2025,Lab,M/s. Karunya Lab,1,520.0,November 2025 (Lab).pdf,23
November 2025,Lab,M/s. Koduvally Medical Center,56,10618.0,November 2025 (Lab).pdf,24
November 2025,Lab,M/s. Koyilandy Co-operative Hospital,2,840.0,November 2025 (Lab).pdf,24
November 2025,Lab,"M/s. Life Pulse Diagnosis, Kottakadav",51,8702.0,November 2025 (Lab).pdf,24
November 2025,Lab,M/s. Lifeline Laboratory,4,920.0,November 2025 (Lab).pdf,25
November 2025,Lab,M/s. Malabar Medical Centre,244,51571.0,November 2025 (Lab).pdf,26
November 2025,Lab,M/s. Manapad Clinic,3,730.0,November 2025 (Lab).pdf,26
November 2025,Lab,M/s. Mannur Baba Laboratory,52,10205.0,November 2025 (Lab).pdf,26
November 2025,Lab,M/s. Medeor Medicals,4,2240.0,November 2025 (Lab).pdf,27
November 2025,Lab,M/s. Medicare Diagnostics,47,6374.0,November 2025 (Lab).pdf,27
November 2025,Lab,M/s. Medicare Tanur,1,560.0,November 2025 (Lab).pdf,27
November 2025,Lab,M/s. Mercy Medical Laboratory,71,11397.0,November 2025 (Lab).pdf,28
November 2025,Lab,"M/s. Mithraa Health Laboratory, Chemmad",139,80134.0,November 2025 (Lab).pdf,29
November 2025,Lab,M/s. Momis Clinic,27,4551.0,November 2025 (Lab).pdf,30
November 2025,Lab,"M/s. MPC Hospital, Koduvally",39,13846.0,November 2025 (Lab).pdf,30
November 2025,Lab,M/s. MR Clinic Lab,207,31132.0,November 2025 (Lab).pdf,32
November 2025,Lab,M/s. Mudra Yoga & Wellness Centre,5,1414.0,November 2025 (Lab).pdf,32
November 2025,Lab,M/s. Neethi lab Balussery,88,17475.0,November 2025 (Lab).pdf,33
November 2025,Lab,M/s. Neo lab Vatakara,1,350.0,November 2025 (Lab).pdf,33
November 2025,Lab,M/s. Nice Laboratory,11,1770.0,November 2025 (Lab).pdf,33
November 2025,Lab,M/s. Noonus Healthcare,14,1062.0,November 2025 (Lab).pdf,33
November 2025,Lab,M/s. Northern Gastro Centre,13,7280.0,November 2025 (Lab).pdf,33
November 2025,Lab,M/s. Payyoli Lab,29,4327.0,November 2025 (Lab).pdf,34
November 2025,Lab,M/s. Poly Lab Vatakara,54,14750.0,November 2025 (Lab).pdf,35
November 2025,Lab,M/s. Popular Diagnostics,1,420.0,November 2025 (Lab).pdf,35
November 2025,Lab,M/s. Rafa Mobile Nursing Care,26,6524.0,November 2025 (Lab).pdf,35
November 2025,Lab,M/s. RP Medhelix Diagnostics Pvt Ltd,27,10325.0,November 2025 (Lab).pdf,36
November 2025,Lab,M/s. S K Park Residence Association,18,3339.0,November 2025 (Lab).pdf,36
November 2025,Lab,M/s. Sar Health Care,17,6701.0,November 2025 (Lab).pdf,37
November 2025,Lab,M/s. Shana Speciality Laboratory,7,8435.0,November 2025 (Lab).pdf,37
November 2025,Lab,M/s. Skin Hair Laser Clinic,1,560.0,November 2025 (Lab).pdf,37
November 2025,Lab,M/s. Spectra Medical Lab,2,420.0,November 2025 (Lab).pdf,37
November 2025,Lab,"M/s. Star Health Care Clinic, Nanmanda",14,3130.0,November 2025 (Lab).pdf,37
November 2025,Lab,M/s. Thalayad Medical Laboratory,31,7570.0,November 2025 (Lab).pdf,38
November 2025,Lab,M/s. Tree Clinic,42,7825.0,November 2025 (Lab).pdf,39
November 2025,Lab,M/s. Ultra Diagnostic Center & ECG,24,3454.0,November 2025 (Lab).pdf,39
November 2025,Lab,M/s. V Trust Healthcare,2,1050.0,November 2025 (Lab).pdf,39
November 2025,Lab,M/s. Viswas Diagnostic Surgical Polyclinic,26,4109.0,November 2025 (Lab).pdf,39
November 2025,Lab,M/s. We Care Polyclinic,29,4795.0,November 2025 (Lab).pdf,40
November 2025,Lab,M/s. Well Care Clinic,31,3906.0,November 2025 (Lab).pdf,40
November 2025,Lab,M/s. Wellness Diagnostics Centre,20,4330.0,November 2025 (Lab).pdf,41
November 2025,Lab,M/s. Wellness Mediclinic,9,2090.0,November 2025 (Lab).pdf,41
November 2025,Lab,M/s.Nazah medical centre,1,350.0,November 2025 (Lab).pdf,41
November 2025,Lab,METROPOLIS,14,44640.0,November 2025 (Lab).pdf,41
November 2025,Lab,Parayancheri Residence Association Privilege Card,18,3568.0,November 2025 (Lab).pdf,42
November 2025,Lab,PRIVILEGE CUSTOMER,310,80260.0,November 2025 (Lab).pdf,44
November 2025,Lab,Puthiyara Ayalpakkavedhi Healthcamp,18,3952.0,November 2025 (Lab).pdf,44
November 2025,Lab,Senior Citizen Forum,10,1944.0,November 2025 (Lab).pdf,44
November 2025,Lab,Senior Citizen Welfare Association,12,3015.0,November 2025 (Lab).pdf,45
December 2025,Hospital,Beypore Neethi Diagnostic Centre,68,4396.0,December 2025.pdf,1
December 2025,Hospital,DISTRICT TB CENTRE,23,4140.0,December 2025.pdf,1
December 2025,Hospital,Dr. Agarwals Eye Hospital,39,14010.0,December 2025.pdf,2
December 2025,Hospital,Dr. Balram Healthcare Private Limited,34,15995.0,December 2025.pdf,2
December 2025,Hospital,"Dr. Chandrakanth, Malabar Nethralaya",42,12246.0,December 2025.pdf,2
December 2025,Hospital,Dr. Shaji’s MRI & Medical Research Center,154,57426.0,December 2025.pdf,4
December 2025,Hospital,Dr. Shaji's Diagnostic Centre,155,71819.0,December 2025.pdf,6
December 2025,Hospital,Dr. Suresh's DiabCare India,52,13311.0,December 2025.pdf,6
December 2025,Hospital,Dr. Thaj Skin & Hair Clinic,28,21980.0,December 2025.pdf,6
December 2025,Hospital,M/s R-Cell Diagnostics & Research Centre Pvt Ltd,24,24570.0,December 2025.pdf,7
December 2025,Hospital,M/s. Access Labz,50,8738.0,December 2025.pdf,8
December 2025,Hospital,M/s. Almas Hospital Kottakkal,28,52710.0,December 2025.pdf,8
December 2025,Hospital,M/s. Amana Hospital Kuttiadi,60,18809.0,December 2025.pdf,8
December 2025,Hospital,M/s. APOLLO XRAY DIAGNOSTIC CENTRE KOYILANDY,187,84942.0,December 2025.pdf,10
December 2025,Hospital,M/s. Ariyallur Neethi Medicals,93,12739.0,December 2025.pdf,11
December 2025,Hospital,M/s. Aroha Clinic,3,246.0,December 2025.pdf,11
December 2025,Hospital,M/s. Ascent ENT Hospital & Medical Centre,37,24570.0,December 2025.pdf,11
December 2025,Hospital,"M/s. Ascent ENT Hospital, Perintalmanna",73,43540.0,December 2025.pdf,11
December 2025,Hospital,"M/s. ASCENT ENT HOSPITAL,KOZHIKODE",22,14280.0,December 2025.pdf,12
December 2025,Hospital,M/s. Asha Hospital,25,14735.0,December 2025.pdf,12
December 2025,Hospital,M/s. Asten Specialty Orthopaedic Hospital,13,7924.0,December 2025.pdf,12
December 2025,Hospital,M/s. Atholi Co-operative Hospital,96,23348.0,December 2025.pdf,13
December 2025,Hospital,M/s. Aza Diagnostic Center,1206,413430.0,December 2025.pdf,16
December 2025,Hospital,M/s. Baby Memorial Hospital,22,20286.0,December 2025.pdf,16
December 2025,Hospital,M/s. Badakara Co-Operative Hospital,79,40507.0,December 2025.pdf,17
December 2025,Hospital,"M/s. Bio Lab, Koduvally, Calicut",258,59597.0,December 2025.pdf,18
December 2025,Hospital,"M/s. BM Hospital, Pulikkal",61,23520.0,December 2025.pdf,18
December 2025,Hospital,M/s. C.M. Hospital,170,82062.0,December 2025.pdf,20
December 2025,Hospital,M/s. Calicut Hospital & Nursing Home,194,54815.0,December 2025.pdf,22
December 2025,Hospital,M/s. Chalapuram Saroj Lab,208,137168.0,December 2025.pdf,24
December 2025,Hospital,M/s. Comtrust Charitable Trust Eye Hospital,208,67812.0,December 2025.pdf,24
December 2025,Hospital,M/s. Comtrust Vision Center,28,4564.0,December 2025.pdf,24
December 2025,Hospital,M/s. CPC Medical Laboratory,11,4046.0,December 2025.pdf,24
December 2025,Hospital,M/s. Dependable Diagnostics,186,66709.0,December 2025.pdf,26
December 2025,Hospital,M/s. Diamond Healthcare Vadakara,84,29504.0,December 2025.pdf,27
December 2025,Hospital,M/s. DMS Hospital,185,91216.0,December 2025.pdf,28
December 2025,Hospital,M/s. Doctors United,187,32058.0,December 2025.pdf,29
December 2025,Hospital,"M/s. Dr. Manoj's ENT,Super Speciality & Research",637,116969.0,December 2025.pdf,30
December 2025,Hospital,M/s. EMS Memorial Co-Operative Hospital Perambra,162,71701.0,December 2025.pdf,32
December 2025,Hospital,"M/s. EMS Memorial Co-operative Hospital, Mukkam",44,26180.0,December 2025.pdf,32
December 2025,Hospital,"M/s. Fathima Hospital, Bank Road, Calicut",189,87243.0,December 2025.pdf,33
December 2025,Hospital,"M/s. Feroke Neethi Medical Centre, Kundayithodu",56,12460.0,December 2025.pdf,34
December 2025,Hospital,M/s. GMC Orthotrust Hospital,169,45796.0,December 2025.pdf,35
December 2025,Hospital,M/s. Indira Gandhi Co-Operative Hospital,22,10850.0,December 2025.pdf,35
December 2025,Hospital,M/s. Iqraa International Hospital&Research Centre,77,32440.0,December 2025.pdf,36
December 2025,Hospital,M/s. JAIHIND LAB NADAPURAM,127,73226.0,December 2025.pdf,37
December 2025,Hospital,"M/s. JAIHIND LAB,KUTTIADI",25,3826.0,December 2025.pdf,37
December 2025,Hospital,M/s. Janatha Medical laboratory,556,242709.0,December 2025.pdf,39
December 2025,Hospital,M/s. Jas Health Care,72,24600.0,December 2025.pdf,40
December 2025,Hospital,M/s. Jeeva Speciality Laboratory,6,1928.0,December 2025.pdf,40
December 2025,Hospital,M/s. Kalarikkal X-ray Laboratory & ECG,206,37989.0,December 2025.pdf,41
December 2025,Hospital,"M/s. Karuna Poly Clinic, Kakattil",135,26110.0,December 2025.pdf,42
December 2025,Hospital,M/s. KIMS Trust Hospital,87,63132.0,December 2025.pdf,43
December 2025,Hospital,M/s. Kommeri Neethi Lab,258,45169.0,December 2025.pdf,45
December 2025,Hospital,M/s. Kootalida Neethi Medical Lab,198,33209.0,December 2025.pdf,45
December 2025,Hospital,M/s. Koyas Hospital,41,22442.0,December 2025.pdf,46
December 2025,Hospital,M/s. Kozhikode District Co-Operative Hospital Ltd,203,108995.0,December 2025.pdf,47
December 2025,Hospital,"M/s. Life Care Lab, Koottalida, Calicut",66,11392.0,December 2025.pdf,48
December 2025,Hospital,M/s. Life Care Neethi Lab Payyoli,4,5380.0,December 2025.pdf,48
December 2025,Hospital,M/s. M.B. Hospital Malappuram,146,113458.0,December 2025.pdf,49
December 2025,Hospital,M/s. M.K.Haji Orphanage Hospital,152,107319.0,December 2025.pdf,50
December 2025,Hospital,M/s. Mahe Neethi Lab & Diagnostic Centre,20,7706.0,December 2025.pdf,51
December 2025,Hospital,M/s. Malabar Hospitals,227,105456.0,December 2025.pdf,52
December 2025,Hospital,M/s. Mammi's Laboratory,36,21308.0,December 2025.pdf,52
December 2025,Hospital,M/s. MDC Laboratory,126,69870.0,December 2025.pdf,54
December 2025,Hospital,M/s. Medicheck Healthcare,81,16827.0,December 2025.pdf,54
December 2025,Hospital,M/s. MEDICHECK DIAGNOSTICS,124,24363.0,December 2025.pdf,55
December 2025,Hospital,M/s. Medico Balussery,345,72797.0,December 2025.pdf,57
December 2025,Hospital,M/s. Mercy Hospital,213,118340.0,December 2025.pdf,58
December 2025,Hospital,M/s. Metromed International Cardiac Centre PVT.LTD,57,26380.0,December 2025.pdf,59
December 2025,Hospital,"M/s. Micro Diagnostics, Balussery",197,46065.0,December 2025.pdf,61
December 2025,Hospital,M/s. Micro Health Laboratories,79,69645.0,December 2025.pdf,62
December 2025,Hospital,M/s. Mother Health Care,82,20728.0,December 2025.pdf,63
December 2025,Hospital,M/s. MVR Cancer Centre & Research Institute,40,61170.0,December 2025.pdf,63
December 2025,Hospital,"M/s. NAHAS HOSPITAL,PARAPPANANGADI",523,289842.0,December 2025.pdf,65
December 2025,Hospital,M/s. Nanma Computerized Specialty Lab,138,20104.0,December 2025.pdf,66
December 2025,Hospital,M/s. Nazia Hospital Chettippadi,95,32893.0,December 2025.pdf,66
December 2025,Hospital,M/s. Ncare IVF Calicut,49,16140.0,December 2025.pdf,67
December 2025,Hospital,M/s. Neethi Lab Kadalundi,111,26068.0,December 2025.pdf,68
December 2025,Hospital,M/s. Neethi Lab Kunnamangalam,398,129325.0,December 2025.pdf,70
December 2025,Hospital,M/s. Neethi Lab Pantheerankavu,172,11212.0,December 2025.pdf,70
December 2025,Hospital,"M/s. Neethi Laboratory, Balussery Mukku",120,14950.0,December 2025.pdf,71
December 2025,Hospital,M/s. Neethi Medical Laboratory Feroke,621,187281.0,December 2025.pdf,74
December 2025,Hospital,"M/s. Neethi Poly Clinic, Nanminda",313,42896.0,December 2025.pdf,76
December 2025,Hospital,M/s. Olavanna Neethi Medical Diagnostic Centre,1,84.0,December 2025.pdf,76
December 2025,Hospital,M/s. Orchid Medicity,243,85804.0,December 2025.pdf,77
December 2025,Hospital,M/s. Parambil Bazar Neethi lab,54,17078.0,December 2025.pdf,78
December 2025,Hospital,M/s. PVS Sunrise Hospital Calicut,14,6841.0,December 2025.pdf,79
December 2025,Hospital,M/s. Red Crescent Hospital,282,109262.0,December 2025.pdf,80
December 2025,Hospital,"M/s. Royal Lab, Mukkam",437,107350.0,December 2025.pdf,82
December 2025,Hospital,M/s. S.B Medical Laboratory,56,31430.0,December 2025.pdf,82
December 2025,Hospital,"M/s. Sahakarana Neethi Lab, Koduvally",273,47244.0,December 2025.pdf,83
December 2025,Hospital,M/s. Sankar Clinic & Nursing Home,54,30590.0,December 2025.pdf,84
December 2025,Hospital,"M/s. SANTHI HOSPITAL, OMASSERY",86,38705.0,December 2025.pdf,85
December 2025,Hospital,M/s. Shade Medical Center,144,43599.0,December 2025.pdf,86
December 2025,Hospital,M/s. Smart Hospital & Research Centre,74,14924.0,December 2025.pdf,86
December 2025,Hospital,M/s. St. JOSEPH HOSPITAL,95,68542.0,December 2025.pdf,87
December 2025,Hospital,M/s. Starcare Hospital,299,157573.0,December 2025.pdf,89
December 2025,Hospital,M/s. State Bank of India,516,64234.0,December 2025.pdf,90
December 2025,Hospital,M/s. Sudharma Lab,5,1554.0,December 2025.pdf,90
December 2025,Hospital,"M/s. T.M.H Hospital, Kottakadav",138,57414.0,December 2025.pdf,92
December 2025,Hospital,M/s. Vengeri Neethi Medical Lab,39,9970.0,December 2025.pdf,93
December 2025,Hospital,M/s. WellPhy Pain & Sports Clinic,528,89217.0,December 2025.pdf,93
December 2025,Hospital,M/s. Your Center,69,22212.0,December 2025.pdf,94
December 2025,Hospital,M/s.Premium Medical & Health Care Providers PvtLtd,49,45612.0,December 2025.pdf,95
December 2025,Hospital,Malabar Medical College Hospital & Research Center,159,107475.0,December 2025.pdf,96
December 2025,Lab,Auto Rickshaw Drivers Privilege Card -Calicut,1,96.0,December 2025 (Lab).pdf,1
December 2025,Lab,DD,714,268300.0,December 2025 (Lab).pdf,4
December 2025,Lab,Dr. Das's Multispeciality Homoeopathy & Laboratory,24,6769.0,December 2025 (Lab).pdf,4
December 2025,Lab,Dr. Nisars GlobaI Scans & Diagnostic Centre,86,9979.0,December 2025 (Lab).pdf,4
December 2025,Lab,Dr. Riyas Ali's ENT Centre,1,350.0,December 2025 (Lab).pdf,5
December 2025,Lab,Dr. Shihab Thanghal Memorial Hospital,1,640.0,December 2025 (Lab).pdf,5
December 2025,Lab,Health Packages,292,921920.0,December 2025 (Lab).pdf,6
December 2025,Lab,Jail Road South Residence Association,6,1264.0,December 2025 (Lab).pdf,6
December 2025,Lab,Lal Path Labs,198,454350.0,December 2025 (Lab).pdf,8
December 2025,Lab,M/s. Abdussalam Clinic,25,4407.0,December 2025 (Lab).pdf,8
December 2025,Lab,M/s. Afiya River View Hospital,7,2947.0,December 2025 (Lab).pdf,9
December 2025,Lab,M/s. Agappe Diagnostics Ltd,20,43400.0,December 2025 (Lab).pdf,9
December 2025,Lab,M/s. AKMM Hospital,30,7308.0,December 2025 (Lab).pdf,9
December 2025,Lab,M/s. Amrutha Lab,4,3500.0,December 2025 (Lab).pdf,9
December 2025,Lab,M/s. Apex Ortho Centre,210,55840.0,December 2025 (Lab).pdf,10
December 2025,Lab,M/s. Areekara Medical Laboratory,7,2520.0,December 2025 (Lab).pdf,10
December 2025,Lab,M/s. Asha Neethi Lab,3,777.0,December 2025 (Lab).pdf,10
December 2025,Lab,M/s. Aswani Lab,1,210.0,December 2025 (Lab).pdf,11
December 2025,Lab,M/s. Atera Aesthetics Kuttiadi,1,350.0,December 2025 (Lab).pdf,11
December 2025,Lab,M/s. Aysha Computerised Lab,103,13007.0,December 2025 (Lab).pdf,11
December 2025,Lab,M/s. Bio Lab MVR Laboratories & Genomic Centre,1,301.0,December 2025 (Lab).pdf,12
December 2025,Lab,M/s. Bioline Laboratory,4,2520.0,December 2025 (Lab).pdf,12
December 2025,Lab,M/s. Bio-Medical Diagnostic Centre,7,8960.0,December 2025 (Lab).pdf,12
December 2025,Lab,M/s. Calicut Dr. Nisar's,19,17819.0,December 2025 (Lab).pdf,12
December 2025,Lab,M/s. Care Referal Laboratories,1,350.0,December 2025 (Lab).pdf,12
December 2025,Lab,M/s. Central Medical Lab & ECG,39,12618.0,December 2025 (Lab).pdf,13
December 2025,Lab,M/s. Central Medical Laboratory,1,210.0,December 2025 (Lab).pdf,13
December 2025,Lab,M/s. Chemban Medical Centre,4,850.0,December 2025 (Lab).pdf,13
December 2025,Lab,M/s. Delux Clinical Laboratory,34,8638.0,December 2025 (Lab).pdf,14
December 2025,Lab,M/s. Doctors Diagnostic and Research Centre,55,26092.0,December 2025 (Lab).pdf,15
December 2025,Lab,M/s. Doctors Lab Thamarasserry,5,2870.0,December 2025 (Lab).pdf,15
December 2025,Lab,"M/s. Doctors Lab, Payyoli",98,37964.0,December 2025 (Lab).pdf,16
December 2025,Lab,M/s. Doctors Neethi Lab,14,4190.0,December 2025 (Lab).pdf,16
December 2025,Lab,"M/s. Doctors Speciality Lab, Tirur",36,25115.0,December 2025 (Lab).pdf,17
December 2025,Lab,M/s. Doctors Speciality Medical Laboratory,1,468.0,December 2025 (Lab).pdf,17
December 2025,Lab,M/s. Emergency Care Pulikkal,5,763.0,December 2025 (Lab).pdf,17
December 2025,Lab,M/s. Famcare Health Speciality,1,315.0,December 2025 (Lab).pdf,17
December 2025,Lab,M/s. Family Healthcare Clinic,1,50.0,December 2025 (Lab).pdf,17
December 2025,Lab,M/s. Fast & Safe Home Care,19,3541.0,December 2025 (Lab).pdf,18
December 2025,Lab,M/s. Health Medic Laboratory Services,134,69752.0,December 2025 (Lab).pdf,18
December 2025,Lab,M/s. Ideal Lab,17,4466.0,December 2025 (Lab).pdf,19
December 2025,Lab,M/s. Jaihind Diagnostic Center,14,1098.0,December 2025 (Lab).pdf,19
December 2025,Lab,"M/s. Janatha Hospital, Vadakara",4,1840.0,December 2025 (Lab).pdf,19
December 2025,Lab,M/s. Jeevana Speciality Clinic,6,1325.0,December 2025 (Lab).pdf,19
December 2025,Lab,M/s. Kakkur Co-operative Clinic,122,12951.0,December 2025 (Lab).pdf,20
December 2025,Lab,"M/s. Kalarikkal Lab, Chungam",26,2803.0,December 2025 (Lab).pdf,20
December 2025,Lab,M/s. Karthika Clinical Laboratory,19,4110.0,December 2025 (Lab).pdf,20
December 2025,Lab,M/s. Karunya Health Care,41,44706.0,December 2025 (Lab).pdf,21
December 2025,Lab,M/s. Koduvally Medical Center,69,14300.0,December 2025 (Lab).pdf,22
December 2025,Lab,M/s. Koyilandy Co-operative Hospital,7,2755.0,December 2025 (Lab).pdf,22
December 2025,Lab,"M/s. Life Pulse Diagnosis, Kottakadav",55,9528.0,December 2025 (Lab).pdf,23
December 2025,Lab,M/s. Lifeline Laboratory,9,1718.0,December 2025 (Lab).pdf,23
December 2025,Lab,M/s. Malabar Medical Centre,240,58348.5,December 2025 (Lab).pdf,24
December 2025,Lab,M/s. Manapad Clinic,4,1240.0,December 2025 (Lab).pdf,24
December 2025,Lab,M/s. Mannur Baba Laboratory,66,9468.0,December 2025 (Lab).pdf,25
December 2025,Lab,M/s. Medeor Medicals,3,1680.0,December 2025 (Lab).pdf,25
December 2025,Lab,M/s. Medicare Diagnostics,8,1803.0,December 2025 (Lab).pdf,25
December 2025,Lab,M/s. Medico Health Laboratory,2,3595.0,December 2025 (Lab).pdf,25
December 2025,Lab,M/s. Mercy Medical Laboratory,84,13968.0,December 2025 (Lab).pdf,26
December 2025,Lab,"M/s. Mithraa Health Laboratory, Chemmad",134,56814.0,December 2025 (Lab).pdf,27
December 2025,Lab,M/s. Momis Clinic,67,11985.0,December 2025 (Lab).pdf,28
December 2025,Lab,"M/s. MPC Hospital, Koduvally",24,12929.0,December 2025 (Lab).pdf,28
December 2025,Lab,M/s. MR Clinic Lab,188,24214.0,December 2025 (Lab).pdf,29
December 2025,Lab,M/s. N.M Medical Lab & ECG,1,385.0,December 2025 (Lab).pdf,29
December 2025,Lab,M/s. National Lab & ECG,4,6035.0,December 2025 (Lab).pdf,30
December 2025,Lab,M/s. Neethi lab Balussery,90,16763.0,December 2025 (Lab).pdf,30
December 2025,Lab,M/s. Nice Laboratory,13,1436.0,December 2025 (Lab).pdf,31
December 2025,Lab,M/s. Noonus Healthcare,10,918.0,December 2025 (Lab).pdf,31
December 2025,Lab,M/s. Northern Gastro Centre,16,9730.0,December 2025 (Lab).pdf,31
December 2025,Lab,M/s. Payyoli Lab,12,2009.0,December 2025 (Lab).pdf,31
December 2025,Lab,M/s. Poly Lab Vatakara,51,15753.0,December 2025 (Lab).pdf,32
December 2025,Lab,M/s. Rafa Mobile Nursing Care,33,6382.0,December 2025 (Lab).pdf,33
December 2025,Lab,M/s. RP Medhelix Diagnostics Pvt Ltd,43,13255.0,December 2025 (Lab).pdf,33
December 2025,Lab,M/s. S K Park Residence Association,28,4728.0,December 2025 (Lab).pdf,34
December 2025,Lab,M/s. Shana Speciality Laboratory,16,8190.0,December 2025 (Lab).pdf,34
December 2025,Lab,M/s. Skin Hair Laser Clinic,1,560.0,December 2025 (Lab).pdf,34
December 2025,Lab,M/s. Spectra Medical Lab,6,2036.0,December 2025 (Lab).pdf,34
December 2025,Lab,"M/s. Star Health Care Clinic, Nanmanda",19,4375.0,December 2025 (Lab).pdf,35
December 2025,Lab,M/s. Thalayad Medical Laboratory,20,9146.0,December 2025 (Lab).pdf,35
December 2025,Lab,M/s. Tree Clinic,65,13176.0,December 2025 (Lab).pdf,36
December 2025,Lab,M/s. Ultra Diagnostic Center & ECG,17,1605.0,December 2025 (Lab).pdf,36
December 2025,Lab,M/s. V Trust Eye Hospital,2,560.0,December 2025 (Lab).pdf,36
December 2025,Lab,M/s. Viswas Diagnostic Surgical Polyclinic,27,3166.0,December 2025 (Lab).pdf,37
December 2025,Lab,M/s. We Care Polyclinic,56,15109.0,December 2025 (Lab).pdf,38
December 2025,Lab,M/s. Well Care Clinic,17,2596.0,December 2025 (Lab).pdf,38
December 2025,Lab,M/s. Wellness Mediclinic,6,1752.0,December 2025 (Lab).pdf,38
December 2025,Lab,M/s. Yours Calicut Lab,4,1400.0,December 2025 (Lab).pdf,38
December 2025,Lab,METROPOLIS,10,27470.0,December 2025 (Lab).pdf,38
December 2025,Lab,PRIVILEGE CUSTOMER,332,82466.0,December 2025 (Lab).pdf,40
December 2025,Lab,Puthiyara Ayalpakkavedhi Healthcamp,2,320.0,December 2025 (Lab).pdf,40
December 2025,Lab,Senior Citizen Welfare Association,9,1611.0,December 2025 (Lab).pdf,41
December 2025,Lab,Swasthya Women in IMA Kozhikode,2,1515.0,December 2025 (Lab).pdf,41
January 2026,Hospital,Beypore Neethi Diagnostic Centre,104,20914.0,January 2026.pdf,1
January 2026,Hospital,DISTRICT TB CENTRE,28,5040.0,January 2026.pdf,1
January 2026,Hospital,Dr. Agarwals Eye Hospital,36,9186.0,January 2026.pdf,2
January 2026,Hospital,Dr. Balram Healthcare Private Limited,27,14840.0,January 2026.pdf,2
January 2026,Hospital,"Dr. Chandrakanth, Malabar Nethralaya",50,17582.0,January 2026.pdf,2
January 2026,Hospital,Dr. Shaji’s MRI & Medical Research Center,117,45471.0,January 2026.pdf,4
January 2026,Hospital,Dr. Shaji's Diagnostic Centre,134,56725.0,January 2026.pdf,5
January 2026,Hospital,Dr. Suresh's DiabCare India,58,18925.0,January 2026.pdf,6
January 2026,Hospital,Dr. Thaj Skin & Hair Clinic,37,21140.0,January 2026.pdf,6
January 2026,Hospital,M/s R-Cell Diagnostics & Research Centre Pvt Ltd,22,14791.0,January 2026.pdf,7
January 2026,Hospital,M/s. Access Labz,77,16815.0,January 2026.pdf,8
January 2026,Hospital,M/s. Almas Hospital Kottakkal,26,45045.0,January 2026.pdf,8
January 2026,Hospital,M/s. Amana Hospital Kuttiadi,72,28493.0,January 2026.pdf,9
January 2026,Hospital,M/s. APOLLO XRAY DIAGNOSTIC CENTRE KOYILANDY,200,95386.0,January 2026.pdf,11
January 2026,Hospital,M/s. Ariyallur Neethi Medicals,130,22310.0,January 2026.pdf,11
January 2026,Hospital,M/s. Aroha Clinic,3,2698.0,January 2026.pdf,11
January 2026,Hospital,M/s. Ascent ENT Hospital & Medical Centre,30,19110.0,January 2026.pdf,12
January 2026,Hospital,"M/s. Ascent ENT Hospital, Perintalmanna",69,42063.0,January 2026.pdf,12
January 2026,Hospital,"M/s. ASCENT ENT HOSPITAL,KOZHIKODE",11,7070.0,January 2026.pdf,12
January 2026,Hospital,M/s. Asha Hospital,23,11830.0,January 2026.pdf,12
January 2026,Hospital,M/s. Asten Specialty Orthopaedic Hospital,31,17192.0,January 2026.pdf,13
January 2026,Hospital,M/s. Atholi Co-operative Hospital,92,24748.0,January 2026.pdf,14
January 2026,Hospital,M/s. Aza Diagnostic Center,394,148844.0,January 2026.pdf,15
January 2026,Hospital,M/s. Baby Memorial Hospital,63,47660.0,January 2026.pdf,16
January 2026,Hospital,M/s. Badakara Co-Operative Hospital,79,45502.0,January 2026.pdf,17
January 2026,Hospital,"M/s. Bio Lab, Koduvally, Calicut",291,61506.0,January 2026.pdf,18
January 2026,Hospital,"M/s. BM Hospital, Pulikkal",76,24515.0,January 2026.pdf,18
January 2026,Hospital,M/s. C.M. Hospital,148,69328.0,January 2026.pdf,20
January 2026,Hospital,M/s. Calicut Center for Surgery,4,2800.0,January 2026.pdf,20
January 2026,Hospital,M/s. Calicut Hospital & Nursing Home,193,62742.0,January 2026.pdf,22
January 2026,Hospital,M/s. Chalapuram Saroj Lab,235,155913.0,January 2026.pdf,24
January 2026,Hospital,M/s. Comtrust Charitable Trust Eye Hospital,353,101108.0,January 2026.pdf,25
January 2026,Hospital,M/s. Comtrust Vision Center,28,4564.0,January 2026.pdf,25
January 2026,Hospital,M/s. CPC Medical Laboratory,7,1995.0,January 2026.pdf,25
January 2026,Hospital,M/s. Dependable Diagnostics,261,94000.0,January 2026.pdf,27
January 2026,Hospital,M/s. Diamond Healthcare Vadakara,64,28045.0,January 2026.pdf,28
January 2026,Hospital,M/s. DMS Hospital,190,95702.0,January 2026.pdf,30
January 2026,Hospital,M/s. Doctors United,201,33618.0,January 2026.pdf,31
January 2026,Hospital,"M/s. Dr. Manoj's ENT,Super Speciality & Research",448,82169.0,January 2026.pdf,32
January 2026,Hospital,M/s. EMS Memorial Co-Operative Hospital Perambra,192,89023.0,January 2026.pdf,33
January 2026,Hospital,"M/s. EMS Memorial Co-operative Hospital, Mukkam",38,24262.0,January 2026.pdf,34
January 2026,Hospital,"M/s. Fathima Hospital, Bank Road, Calicut",215,93259.0,January 2026.pdf,35
January 2026,Hospital,"M/s. Feroke Neethi Medical Centre, Kundayithodu",63,17900.0,January 2026.pdf,36
January 2026,Hospital,M/s. GMC Orthotrust Hospital,156,36846.0,January 2026.pdf,37
January 2026,Hospital,M/s. Indira Gandhi Co-Operative Hospital,46,29260.0,January 2026.pdf,37
January 2026,Hospital,M/s. Iqraa International Hospital&Research Centre,100,39328.0,January 2026.pdf,38
January 2026,Hospital,M/s. JAIHIND LAB NADAPURAM,147,85650.0,January 2026.pdf,39
January 2026,Hospital,"M/s. JAIHIND LAB,KUTTIADI",68,15172.0,January 2026.pdf,40
January 2026,Hospital,M/s. Janatha Medical laboratory,646,288244.0,January 2026.pdf,42
January 2026,Hospital,M/s. Jas Health Care,79,33533.0,January 2026.pdf,43
January 2026,Hospital,M/s. Jeeva Speciality Laboratory,2,770.0,January 2026.pdf,43
January 2026,Hospital,M/s. Kalarikkal X-ray Laboratory & ECG,255,43747.0,January 2026.pdf,44
January 2026,Hospital,"M/s. Karuna Poly Clinic, Kakattil",147,23820.0,January 2026.pdf,45
January 2026,Hospital,M/s. KIMS Trust Hospital,112,71211.0,January 2026.pdf,46
January 2026,Hospital,M/s. Kommeri Neethi Lab,273,54081.0,January 2026.pdf,48
January 2026,Hospital,M/s. Kootalida Neethi Medical Lab,250,43550.0,January 2026.pdf,49
January 2026,Hospital,M/s. Koyas Hospital,50,28564.0,January 2026.pdf,49
January 2026,Hospital,M/s. Kozhikode District Co-Operative Hospital Ltd,229,156251.0,January 2026.pdf,51
January 2026,Hospital,"M/s. Life Care Lab, Koottalida, Calicut",70,11995.0,January 2026.pdf,52
January 2026,Hospital,M/s. Life Care Neethi Lab Payyoli,2,2135.0,January 2026.pdf,52
January 2026,Hospital,M/s. M.B. Hospital Malappuram,110,83822.0,January 2026.pdf,53
January 2026,Hospital,M/s. M.K.Haji Orphanage Hospital,192,135438.0,January 2026.pdf,54
January 2026,Hospital,M/s. Mahe Neethi Lab & Diagnostic Centre,8,3920.0,January 2026.pdf,54
January 2026,Hospital,M/s. Malabar Hospitals,217,97708.0,January 2026.pdf,55
January 2026,Hospital,M/s. Mammi's Laboratory,46,27335.0,January 2026.pdf,56
January 2026,Hospital,M/s. MDC Laboratory,109,58444.0,January 2026.pdf,57
January 2026,Hospital,M/s. Medicheck Healthcare,102,21752.0,January 2026.pdf,58
January 2026,Hospital,M/s. MEDICHECK DIAGNOSTICS,116,25596.0,January 2026.pdf,58
January 2026,Hospital,M/s. Medico Balussery,299,61701.0,January 2026.pdf,60
January 2026,Hospital,M/s. Mercy Hospital,231,145315.0,January 2026.pdf,61
January 2026,Hospital,M/s. Metromed International Cardiac Centre PVT.LTD,80,36312.0,January 2026.pdf,63
January 2026,Hospital,"M/s. Micro Diagnostics, Balussery",163,35348.0,January 2026.pdf,64
January 2026,Hospital,M/s. Micro Health Laboratories,245,154790.0,January 2026.pdf,65
January 2026,Hospital,M/s. Mother Health Care,116,26941.0,January 2026.pdf,66
January 2026,Hospital,M/s. MVR Cancer Centre & Research Institute,40,64800.0,January 2026.pdf,66
January 2026,Hospital,"M/s. NAHAS HOSPITAL,PARAPPANANGADI",372,201361.0,January 2026.pdf,68
January 2026,Hospital,M/s. Nanma Computerized Specialty Lab,97,14047.0,January 2026.pdf,69
January 2026,Hospital,M/s. Nazia Hospital Chettippadi,104,32536.0,January 2026.pdf,69
January 2026,Hospital,M/s. Ncare IVF Calicut,57,18790.0,January 2026.pdf,70
January 2026,Hospital,M/s. Neethi Lab Kadalundi,128,22632.0,January 2026.pdf,71
January 2026,Hospital,M/s. Neethi Lab Kunnamangalam,435,140231.0,January 2026.pdf,73
January 2026,Hospital,M/s. Neethi Lab Pantheerankavu,151,9244.0,January 2026.pdf,74
January 2026,Hospital,"M/s. Neethi Laboratory, Balussery Mukku",75,9269.0,January 2026.pdf,74
January 2026,Hospital,M/s. Neethi Medical Laboratory Feroke,625,201932.0,January 2026.pdf,77
January 2026,Hospital,"M/s. Neethi Poly Clinic, Nanminda",314,43770.0,January 2026.pdf,79
January 2026,Hospital,M/s. Orchid Medicity,214,69118.0,January 2026.pdf,80
January 2026,Hospital,M/s. Parambil Bazar Neethi lab,48,18530.0,January 2026.pdf,81
January 2026,Hospital,M/s. PVS Sunrise Hospital Calicut,21,25030.0,January 2026.pdf,81
January 2026,Hospital,M/s. Red Crescent Hospital,257,107715.0,January 2026.pdf,83
January 2026,Hospital,"M/s. Royal Lab, Mukkam",403,85447.0,January 2026.pdf,84
January 2026,Hospital,M/s. S.B Medical Laboratory,52,32900.0,January 2026.pdf,84
January 2026,Hospital,"M/s. Sahakarana Neethi Lab, Koduvally",316,56003.0,January 2026.pdf,86
January 2026,Hospital,M/s. Sankar Clinic & Nursing Home,72,29593.0,January 2026.pdf,86
January 2026,Hospital,"M/s. SANTHI HOSPITAL, OMASSERY",100,62728.0,January 2026.pdf,87
January 2026,Hospital,M/s. Shade Medical Center,113,31338.0,January 2026.pdf,88
January 2026,Hospital,M/s. Smart Hospital & Research Centre,101,22156.0,January 2026.pdf,89
January 2026,Hospital,M/s. St. JOSEPH HOSPITAL,106,71810.0,January 2026.pdf,89
January 2026,Hospital,M/s. Starcare Hospital,245,120432.0,January 2026.pdf,91
January 2026,Hospital,M/s. State Bank of India,517,66459.0,January 2026.pdf,92
January 2026,Hospital,M/s. Sudharma Lab,1,50.0,January 2026.pdf,92
January 2026,Hospital,"M/s. T.M.H Hospital, Kottakadav",148,74150.0,January 2026.pdf,94
January 2026,Hospital,M/s. TIRUR NURSING HOME,5,2170.0,January 2026.pdf,94
January 2026,Hospital,M/s. Vengeri Neethi Medical Lab,26,6770.0,January 2026.pdf,95
January 2026,Hospital,M/s. Your Center,97,32474.0,January 2026.pdf,96
January 2026,Hospital,M/s.Premium Medical & Health Care Providers PvtLtd,41,32872.0,January 2026.pdf,96
January 2026,Hospital,Malabar Medical College Hospital & Research Center,203,141858.0,January 2026.pdf,98
January 2026,Lab,DD,949,336130.0,January 2026 (Lab).pdf,5
January 2026,Lab,Dr. Das's Multispeciality Homoeopathy & Laboratory,6,1005.0,January 2026 (Lab).pdf,5
January 2026,Lab,Dr. Nisars GlobaI Scans & Diagnostic Centre,52,8288.0,January 2026 (Lab).pdf,5
January 2026,Lab,Dr. Riyas Ali's ENT Centre,1,350.0,January 2026 (Lab).pdf,5
January 2026,Lab,Dr. Shihab Thanghal Memorial Hospital,1,880.0,January 2026 (Lab).pdf,5
January 2026,Lab,Dwani Kidney Care Camp,260,20800.0,January 2026 (Lab).pdf,5
January 2026,Lab,Health Packages,276,899328.0,January 2026 (Lab).pdf,7
January 2026,Lab,Jail Road South Residence Association,4,560.0,January 2026 (Lab).pdf,7
January 2026,Lab,Lal Path Labs,197,532060.0,January 2026 (Lab).pdf,9
January 2026,Lab,M/s. Abdussalam Clinic,12,3115.0,January 2026 (Lab).pdf,9
January 2026,Lab,M/s. Afiya River View Hospital,3,1135.0,January 2026 (Lab).pdf,10
January 2026,Lab,M/s. AKMM Hospital,38,6484.0,January 2026 (Lab).pdf,10
January 2026,Lab,M/s. Aluer Skin Clinic,1,560.0,January 2026 (Lab).pdf,10
January 2026,Lab,M/s. Amrutha Lab,14,8720.0,January 2026 (Lab).pdf,10
January 2026,Lab,M/s. Apex Ortho Centre,258,67680.0,January 2026 (Lab).pdf,11
January 2026,Lab,M/s. Areekara Medical Laboratory,34,17780.0,January 2026 (Lab).pdf,12
January 2026,Lab,M/s. Asha Neethi Lab,1,4900.0,January 2026 (Lab).pdf,12
January 2026,Lab,M/s. Aswani Lab,5,990.0,January 2026 (Lab).pdf,12
January 2026,Lab,M/s. Atera Aesthetics Kuttiadi,8,3850.0,January 2026 (Lab).pdf,12
January 2026,Lab,M/s. Athul Laboratory,2,210.0,January 2026 (Lab).pdf,12
January 2026,Lab,M/s. Aysha Computerised Lab,108,15760.0,January 2026 (Lab).pdf,13
January 2026,Lab,M/s. Bioline Laboratory,6,3780.0,January 2026 (Lab).pdf,13
January 2026,Lab,M/s. Bio-Medical Diagnostic Centre,3,3780.0,January 2026 (Lab).pdf,13
January 2026,Lab,M/s. Calicut Dr. Nisar's,25,17553.0,January 2026 (Lab).pdf,14
January 2026,Lab,M/s. Care Referal Laboratories,6,1631.0,January 2026 (Lab).pdf,14
January 2026,Lab,M/s. Central Medical Lab & ECG,6,1630.0,January 2026 (Lab).pdf,14
January 2026,Lab,M/s. Central Medical Laboratory,5,1484.0,January 2026 (Lab).pdf,14
January 2026,Lab,M/s. Chemban Medical Centre,2,210.0,January 2026 (Lab).pdf,14
January 2026,Lab,M/s. Delux Clinical Laboratory,51,12900.0,January 2026 (Lab).pdf,15
January 2026,Lab,M/s. Doctors Diagnostic and Research Centre,67,34399.0,January 2026 (Lab).pdf,16
January 2026,Lab,M/s. Doctors Lab Thamarasserry,2,604.0,January 2026 (Lab).pdf,16
January 2026,Lab,"M/s. Doctors Lab, Payyoli",112,47908.0,January 2026 (Lab).pdf,18
January 2026,Lab,M/s. Doctors Neethi Lab,30,7064.0,January 2026 (Lab).pdf,18
January 2026,Lab,"M/s. Doctors Speciality Lab, Tirur",35,19415.0,January 2026 (Lab).pdf,18
January 2026,Lab,M/s. Doctors Speciality Medical Laboratory,1,468.0,January 2026 (Lab).pdf,18
January 2026,Lab,M/s. Emergency Care Pulikkal,3,630.0,January 2026 (Lab).pdf,19
January 2026,Lab,M/s. Famcare Health Speciality,2,910.0,January 2026 (Lab).pdf,19
January 2026,Lab,M/s. Fast & Safe Home Care,69,11620.0,January 2026 (Lab).pdf,20
January 2026,Lab,M/s. Health Medic Laboratory Services,147,70032.0,January 2026 (Lab).pdf,20
January 2026,Lab,M/s. Ideal Lab,15,3493.0,January 2026 (Lab).pdf,21
January 2026,Lab,M/s. Jaihind Diagnostic Center,21,1458.0,January 2026 (Lab).pdf,21
January 2026,Lab,"M/s. Janatha Hospital, Vadakara",17,3850.0,January 2026 (Lab).pdf,21
January 2026,Lab,M/s. Jawad Laboratory,3,1274.0,January 2026 (Lab).pdf,21
January 2026,Lab,M/s. Jeevana Speciality Clinic,15,7925.0,January 2026 (Lab).pdf,22
January 2026,Lab,M/s. Kakkur Co-operative Clinic,254,23897.0,January 2026 (Lab).pdf,23
January 2026,Lab,"M/s. Kalarikkal Lab, Chungam",21,12729.0,January 2026 (Lab).pdf,23
January 2026,Lab,M/s. Karthika Clinical Laboratory,15,2498.0,January 2026 (Lab).pdf,23
January 2026,Lab,M/s. Karunya Health Care,36,35850.0,January 2026 (Lab).pdf,24
January 2026,Lab,M/s. Koduvally Medical Center,82,13557.0,January 2026 (Lab).pdf,25
January 2026,Lab,M/s. Koyilandy Co-operative Hospital,9,3407.0,January 2026 (Lab).pdf,25
January 2026,Lab,"M/s. Life Pulse Diagnosis, Kottakadav",37,5955.0,January 2026 (Lab).pdf,26
January 2026,Lab,M/s. Lifeline Laboratory,1,50.0,January 2026 (Lab).pdf,26
January 2026,Lab,M/s. Malabar Medical Centre,235,46774.0,January 2026 (Lab).pdf,27
January 2026,Lab,M/s. Manapad Clinic,5,1920.0,January 2026 (Lab).pdf,27
January 2026,Lab,M/s. Mannur Baba Laboratory,47,6329.0,January 2026 (Lab).pdf,27
January 2026,Lab,M/s. Medeor Medicals,8,4480.0,January 2026 (Lab).pdf,28
January 2026,Lab,M/s. Medicare Diagnostics,10,5348.0,January 2026 (Lab).pdf,28
January 2026,Lab,M/s. Medicare Tanur,2,560.0,January 2026 (Lab).pdf,28
January 2026,Lab,M/s. Medims Multi Speciality Clinic,6,3395.0,January 2026 (Lab).pdf,28
January 2026,Lab,M/s. Medlab Atholi,2,150.0,January 2026 (Lab).pdf,28
January 2026,Lab,M/s. Mercy Medical Laboratory,91,18072.0,January 2026 (Lab).pdf,29
January 2026,Lab,M/s. Micro Medical Laboratory & ECG,3,1575.0,January 2026 (Lab).pdf,29
January 2026,Lab,"M/s. Mithraa Health Laboratory, Chemmad",145,83492.0,January 2026 (Lab).pdf,31
January 2026,Lab,M/s. Momis Clinic,52,10605.0,January 2026 (Lab).pdf,31
January 2026,Lab,"M/s. MPC Hospital, Koduvally",2,1785.0,January 2026 (Lab).pdf,32
January 2026,Lab,M/s. MR Clinic Lab,173,29333.0,January 2026 (Lab).pdf,33
January 2026,Lab,M/s. National Lab & ECG,5,4978.0,January 2026 (Lab).pdf,33
January 2026,Lab,M/s. Neethi lab Balussery,73,17471.0,January 2026 (Lab).pdf,34
January 2026,Lab,M/s. Nice Laboratory,14,5168.0,January 2026 (Lab).pdf,34
January 2026,Lab,M/s. Noonus Healthcare,15,1694.0,January 2026 (Lab).pdf,34
January 2026,Lab,M/s. Northern Gastro Centre,13,7280.0,January 2026 (Lab).pdf,34
January 2026,Lab,M/s. Payyoli Lab,23,4490.0,January 2026 (Lab).pdf,35
January 2026,Lab,M/s. Poly Lab Vatakara,44,12594.0,January 2026 (Lab).pdf,35
January 2026,Lab,M/s. Popular Diagnostics,1,2170.0,January 2026 (Lab).pdf,35
January 2026,Lab,M/s. Prime Day Care Hospital,1,400.0,January 2026 (Lab).pdf,36
January 2026,Lab,M/s. Rafa Mobile Nursing Care,14,3284.0,January 2026 (Lab).pdf,36
January 2026,Lab,M/s. RP Medhelix Diagnostics Pvt Ltd,38,10773.0,January 2026 (Lab).pdf,36
January 2026,Lab,M/s. S K Park Residence Association,16,3136.0,January 2026 (Lab).pdf,37
January 2026,Lab,M/s. Sahachari Neethi Lab,2,5600.0,January 2026 (Lab).pdf,37
January 2026,Lab,M/s. Sar Health Care,2,483.0,January 2026 (Lab).pdf,37
January 2026,Lab,M/s. Shana Speciality Laboratory,9,5040.0,January 2026 (Lab).pdf,37
January 2026,Lab,M/s. Skin Hair Laser Clinic,1,140.0,January 2026 (Lab).pdf,37
January 2026,Lab,M/s. Spectra Medical Lab,8,3889.0,January 2026 (Lab).pdf,38
January 2026,Lab,"M/s. Star Health Care Clinic, Nanmanda",18,3276.0,January 2026 (Lab).pdf,38
January 2026,Lab,M/s. Tree Clinic,48,10743.0,January 2026 (Lab).pdf,38
January 2026,Lab,M/s. Ultra Diagnostic Center & ECG,15,1450.0,January 2026 (Lab).pdf,39
January 2026,Lab,M/s. V Trust Healthcare,3,905.0,January 2026 (Lab).pdf,39
January 2026,Lab,M/s. Viswas Diagnostic Surgical Polyclinic,65,6804.0,January 2026 (Lab).pdf,39
January 2026,Lab,M/s. We Care Polyclinic,25,4654.0,January 2026 (Lab).pdf,40
January 2026,Lab,M/s. Well Care Clinic,39,5664.0,January 2026 (Lab).pdf,40
January 2026,Lab,M/s. Wellness Mediclinic,8,1676.0,January 2026 (Lab).pdf,41
January 2026,Lab,M/s. Yours Calicut Lab,5,1820.0,January 2026 (Lab).pdf,41
January 2026,Lab,METROPOLIS,15,63530.0,January 2026 (Lab).pdf,41
January 2026,Lab,Parayancheri Residence Association Privilege Card,14,2576.0,January 2026 (Lab).pdf,42
January 2026,Lab,PRIVILEGE CUSTOMER,400,90418.0,January 2026 (Lab).pdf,43
January 2026,Lab,Puthiyara Ayalpakkavedhi Healthcamp,8,2112.0,January 2026 (Lab).pdf,44
January 2026,Lab,Senior Citizen Welfare Association,20,3555.0,January 2026 (Lab).pdf,44
January 2026,Lab,Swasthya Women in IMA Kozhikode,36,24540.0,January 2026 (Lab).pdf,44
February 2026,Hospital,Beypore Neethi Diagnostic Centre,78,5014.0,February 2026.pdf,1
February 2026,Hospital,DISTRICT TB CENTRE,40,7110.0,February 2026.pdf,1
February 2026,Hospital,Dr. Agarwals Eye Hospital,32,9501.0,February 2026.pdf,2
February 2026,Hospital,Dr. Balram Healthcare Private Limited,21,12530.0,February 2026.pdf,2
February 2026,Hospital,"Dr. Chandrakanth, Malabar Nethralaya",33,12168.0,February 2026.pdf,2
February 2026,Hospital,Dr. Shaji’s MRI & Medical Research Center,109,28979.0,February 2026.pdf,4
February 2026,Hospital,Dr. Shaji's Diagnostic Centre,152,56548.0,February 2026.pdf,5
February 2026,Hospital,Dr. Suresh's DiabCare India,28,7411.0,February 2026.pdf,6
February 2026,Hospital,Dr. Thaj Skin & Hair Clinic,11,6370.0,February 2026.pdf,6
February 2026,Hospital,M/s R-Cell Diagnostics & Research Centre Pvt Ltd,17,5194.0,February 2026.pdf,6
February 2026,Hospital,M/s. Access Labz,84,18759.0,February 2026.pdf,7
February 2026,Hospital,M/s. Almas Hospital Kottakkal,25,40810.0,February 2026.pdf,7
February 2026,Hospital,M/s. Amana Hospital Kuttiadi,62,22414.0,February 2026.pdf,8
February 2026,Hospital,M/s. APOLLO XRAY DIAGNOSTIC CENTRE KOYILANDY,152,59968.0,February 2026.pdf,9
February 2026,Hospital,M/s. Ariyallur Neethi Medicals,104,18865.0,February 2026.pdf,10
February 2026,Hospital,M/s. Aroha Clinic,13,8846.0,February 2026.pdf,10
February 2026,Hospital,M/s. Ascent ENT Hospital & Medical Centre,21,15120.0,February 2026.pdf,10
February 2026,Hospital,"M/s. Ascent ENT Hospital, Perintalmanna",45,27629.0,February 2026.pdf,11
February 2026,Hospital,"M/s. ASCENT ENT HOSPITAL,KOZHIKODE",17,10990.0,February 2026.pdf,11
February 2026,Hospital,M/s. Asha Hospital,18,15715.0,February 2026.pdf,11
February 2026,Hospital,M/s. Asten Specialty Orthopaedic Hospital,29,15564.0,February 2026.pdf,12
February 2026,Hospital,"M/s. Aster Lab, Aster MIMS Hospital, Calicut",17,6055.0,February 2026.pdf,12
February 2026,Hospital,M/s. Atholi Co-operative Hospital,77,16010.0,February 2026.pdf,13
February 2026,Hospital,M/s. Aza Diagnostic Center,255,116729.0,February 2026.pdf,14
February 2026,Hospital,M/s. Baby Memorial Hospital,66,39441.0,February 2026.pdf,15
February 2026,Hospital,M/s. Badakara Co-Operative Hospital,50,25442.0,February 2026.pdf,16
February 2026,Hospital,"M/s. Bio Lab, Koduvally, Calicut",330,81053.0,February 2026.pdf,17
February 2026,Hospital,"M/s. BM Hospital, Pulikkal",48,14091.0,February 2026.pdf,17
February 2026,Hospital,M/s. C.M. Hospital,145,77692.0,February 2026.pdf,19
February 2026,Hospital,M/s. Calicut Center for Surgery,2,3770.0,February 2026.pdf,19
February 2026,Hospital,M/s. Calicut Hospital & Nursing Home,266,64156.0,February 2026.pdf,20
February 2026,Hospital,M/s. Chalapuram Saroj Lab,265,141150.0,February 2026.pdf,23
February 2026,Hospital,M/s. Comtrust Charitable Trust Eye Hospital,253,77277.0,February 2026.pdf,23
February 2026,Hospital,M/s. Comtrust Vision Center,28,4564.0,February 2026.pdf,24
February 2026,Hospital,M/s. CPC Medical Laboratory,13,4081.0,February 2026.pdf,24
February 2026,Hospital,M/s. Dependable Diagnostics,229,91767.0,February 2026.pdf,25
February 2026,Hospital,M/s. Diamond Healthcare Vadakara,74,29935.0,February 2026.pdf,26
February 2026,Hospital,M/s. DMS Hospital,183,78034.0,February 2026.pdf,28
February 2026,Hospital,M/s. Doctors United,216,37586.0,February 2026.pdf,29
February 2026,Hospital,"M/s. Dr. Manoj's ENT,Super Speciality & Research",425,75245.0,February 2026.pdf,30
February 2026,Hospital,M/s. EMS Memorial Co-Operative Hospital Perambra,143,71648.0,February 2026.pdf,31
February 2026,Hospital,"M/s. EMS Memorial Co-operative Hospital, Mukkam",34,23200.0,February 2026.pdf,31
February 2026,Hospital,"M/s. Fathima Hospital, Bank Road, Calicut",163,70583.0,February 2026.pdf,33
February 2026,Hospital,"M/s. Feroke Neethi Medical Centre, Kundayithodu",104,27936.0,February 2026.pdf,34
February 2026,Hospital,M/s. GMC Orthotrust Hospital,139,34781.0,February 2026.pdf,35
February 2026,Hospital,M/s. Indira Gandhi Co-Operative Hospital,14,15180.0,February 2026.pdf,35
February 2026,Hospital,M/s. Institute of Chest Disease MCH,1,144.0,February 2026.pdf,35
February 2026,Hospital,M/s. Iqraa International Hospital&Research Centre,66,27079.0,February 2026.pdf,36
February 2026,Hospital,M/s. JAIHIND LAB NADAPURAM,136,81403.0,February 2026.pdf,37
February 2026,Hospital,"M/s. JAIHIND LAB,KUTTIADI",53,13368.0,February 2026.pdf,38
February 2026,Hospital,M/s. Janatha Medical laboratory,494,233312.0,February 2026.pdf,39
February 2026,Hospital,M/s. Jas Health Care,50,19415.0,February 2026.pdf,40
February 2026,Hospital,M/s. Jeeva Speciality Laboratory,2,770.0,February 2026.pdf,40
February 2026,Hospital,M/s. Kalarikkal X-ray Laboratory & ECG,233,31901.0,February 2026.pdf,41
February 2026,Hospital,"M/s. Karuna Poly Clinic, Kakattil",129,24376.0,February 2026.pdf,42
February 2026,Hospital,M/s. KIMS Trust Hospital,87,53937.0,February 2026.pdf,43
February 2026,Hospital,M/s. Kommeri Neethi Lab,247,47786.0,February 2026.pdf,44
February 2026,Hospital,M/s. Kootalida Neethi Medical Lab,208,34684.0,February 2026.pdf,45
February 2026,Hospital,M/s. Koyas Hospital,48,23831.0,February 2026.pdf,46
February 2026,Hospital,M/s. Kozhikode District Co-Operative Hospital Ltd,400,138523.0,February 2026.pdf,47
February 2026,Hospital,"M/s. Life Care Lab, Koottalida, Calicut",61,10719.0,February 2026.pdf,48
February 2026,Hospital,M/s. Life Care Neethi Lab Payyoli,2,380.0,February 2026.pdf,48
February 2026,Hospital,M/s. M.B. Hospital Malappuram,162,100243.0,February 2026.pdf,49
February 2026,Hospital,M/s. M.K.Haji Orphanage Hospital,175,142874.0,February 2026.pdf,50
February 2026,Hospital,M/s. Mahe Neethi Lab & Diagnostic Centre,10,4210.0,February 2026.pdf,51
February 2026,Hospital,M/s. Malabar Hospitals,244,117267.0,February 2026.pdf,52
February 2026,Hospital,M/s. Mammi's Laboratory,35,16660.0,February 2026.pdf,53
February 2026,Hospital,M/s. MDC Laboratory,104,59984.0,February 2026.pdf,54
February 2026,Hospital,M/s. Medicheck Healthcare,86,14133.0,February 2026.pdf,54
February 2026,Hospital,M/s. MEDICHECK DIAGNOSTICS,115,29284.0,February 2026.pdf,55
February 2026,Hospital,M/s. Medico Balussery,342,68842.0,February 2026.pdf,56
February 2026,Hospital,M/s. Mercy Hospital,196,106379.0,February 2026.pdf,58
February 2026,Hospital,M/s. Metromed International Cardiac Centre PVT.LTD,70,28200.0,February 2026.pdf,60
February 2026,Hospital,"M/s. Micro Diagnostics, Balussery",176,44298.0,February 2026.pdf,61
February 2026,Hospital,M/s. Micro Health Laboratories,215,170608.5,February 2026.pdf,62
February 2026,Hospital,M/s. Mother Health Care,312,44172.0,February 2026.pdf,63
February 2026,Hospital,M/s. MVR Cancer Centre & Research Institute,28,49902.0,February 2026.pdf,63
February 2026,Hospital,"M/s. NAHAS HOSPITAL,PARAPPANANGADI",341,202648.0,February 2026.pdf,65
February 2026,Hospital,M/s. Nanma Computerized Specialty Lab,102,15998.0,February 2026.pdf,66
February 2026,Hospital,M/s. Nazia Hospital Chettippadi,80,37974.0,February 2026.pdf,66
February 2026,Hospital,M/s. Ncare IVF Calicut,100,35080.0,February 2026.pdf,66
February 2026,Hospital,M/s. Neethi Lab Kadalundi,120,22963.0,February 2026.pdf,67
February 2026,Hospital,M/s. Neethi Lab Kunnamangalam,441,134745.0,February 2026.pdf,70
February 2026,Hospital,M/s. Neethi Lab Pantheerankavu,177,14416.0,February 2026.pdf,70
February 2026,Hospital,"M/s. Neethi Laboratory, Balussery Mukku",104,15486.0,February 2026.pdf,71
February 2026,Hospital,M/s. Neethi Medical Laboratory Feroke,991,223259.0,February 2026.pdf,74
February 2026,Hospital,"M/s. Neethi Poly Clinic, Nanminda",264,35325.0,February 2026.pdf,75
February 2026,Hospital,M/s. Orchid Medicity,217,69042.0,February 2026.pdf,76
February 2026,Hospital,M/s. Parambil Bazar Neethi lab,49,15931.0,February 2026.pdf,77
February 2026,Hospital,M/s. PVS Sunrise Hospital Calicut,6,15390.0,February 2026.pdf,77
February 2026,Hospital,M/s. Red Crescent Hospital,268,108727.0,February 2026.pdf,78
February 2026,Hospital,"M/s. Royal Lab, Mukkam",314,61752.0,February 2026.pdf,80
February 2026,Hospital,M/s. S.B Medical Laboratory,60,35770.0,February 2026.pdf,80
February 2026,Hospital,"M/s. Sahakarana Neethi Lab, Koduvally",210,44560.0,February 2026.pdf,81
February 2026,Hospital,M/s. Sankar Clinic & Nursing Home,58,25452.0,February 2026.pdf,82
February 2026,Hospital,"M/s. SANTHI HOSPITAL, OMASSERY",87,41795.0,February 2026.pdf,82
February 2026,Hospital,M/s. Shade Medical Center,111,37625.0,February 2026.pdf,83
February 2026,Hospital,M/s. Smart Hospital & Research Centre,81,17661.0,February 2026.pdf,84
February 2026,Hospital,M/s. St. JOSEPH HOSPITAL,122,85987.0,February 2026.pdf,85
February 2026,Hospital,M/s. Starcare Hospital,196,96642.0,February 2026.pdf,87
February 2026,Hospital,M/s. State Bank of India,346,43756.0,February 2026.pdf,87
February 2026,Hospital,"M/s. T.M.H Hospital, Kottakadav",107,52381.0,February 2026.pdf,89
February 2026,Hospital,M/s. TIRUR NURSING HOME,1,350.0,February 2026.pdf,89
February 2026,Hospital,M/s. Vengeri Neethi Medical Lab,55,13513.0,February 2026.pdf,90
February 2026,Hospital,M/s. Your Center,117,40146.0,February 2026.pdf,92
February 2026,Hospital,M/s.Premium Medical & Health Care Providers PvtLtd,38,39249.0,February 2026.pdf,92
February 2026,Hospital,Malabar Medical College Hospital & Research Center,180,120082.0,February 2026.pdf,93
February 2026,Lab,Auto Rickshaw Drivers Privilege Card -Calicut,3,424.0,February 2026 (lab).pdf,1
February 2026,Lab,Ayush Wellness Health Camp,216,17280.0,February 2026 (lab).pdf,1
February 2026,Lab,DD,894,317615.0,February 2026 (lab).pdf,4
February 2026,Lab,Dr. Das's Multispeciality Homoeopathy & Laboratory,21,5615.0,February 2026 (lab).pdf,4
February 2026,Lab,Dr. Moosan Abdulla's MLH,12,6930.0,February 2026 (lab).pdf,5
February 2026,Lab,Dr. Nisars GlobaI Scans & Diagnostic Centre,41,17024.0,February 2026 (lab).pdf,5
February 2026,Lab,Dr. Riyas Ali's ENT Centre,6,2310.0,February 2026 (lab).pdf,5
February 2026,Lab,Health Packages,213,703158.0,February 2026 (lab).pdf,6
February 2026,Lab,Lal Path Labs,119,269360.0,February 2026 (lab).pdf,8
February 2026,Lab,M/s. Abdussalam Clinic,23,5001.0,February 2026 (lab).pdf,8
February 2026,Lab,M/s. AKMM Hospital,32,6570.0,February 2026 (lab).pdf,9
February 2026,Lab,M/s. Amrutha Lab,5,4600.0,February 2026 (lab).pdf,9
February 2026,Lab,M/s. Apex Ortho Centre,144,39440.0,February 2026 (lab).pdf,10
February 2026,Lab,M/s. Areekara Medical Laboratory,25,11619.0,February 2026 (lab).pdf,10
February 2026,Lab,M/s. Asha Neethi Lab,1,560.0,February 2026 (lab).pdf,10
February 2026,Lab,M/s. Aswani Lab,2,380.0,February 2026 (lab).pdf,10
February 2026,Lab,M/s. Atera Aesthetics Kuttiadi,7,3710.0,February 2026 (lab).pdf,10
February 2026,Lab,M/s. Aysha Computerised Lab,101,14423.0,February 2026 (lab).pdf,11
February 2026,Lab,M/s. Bewell Polyclinic,44,10411.0,February 2026 (lab).pdf,12
February 2026,Lab,M/s. Bioline Laboratory,4,1960.0,February 2026 (lab).pdf,12
February 2026,Lab,M/s. Bio-Medical Diagnostic Centre,3,3920.0,February 2026 (lab).pdf,12
February 2026,Lab,M/s. Calicut Dr. Nisar's,35,19541.0,February 2026 (lab).pdf,12
February 2026,Lab,M/s. Care Referal Laboratories,2,980.0,February 2026 (lab).pdf,13
February 2026,Lab,M/s. Central Medical Lab & ECG,1,350.0,February 2026 (lab).pdf,13
February 2026,Lab,M/s. Central Medical Laboratory,2,300.0,February 2026 (lab).pdf,13
February 2026,Lab,M/s. Chemban Medical Centre,1,350.0,February 2026 (lab).pdf,13
February 2026,Lab,M/s. Delux Clinical Laboratory,35,8152.0,February 2026 (lab).pdf,13
February 2026,Lab,M/s. Doctors Diagnostic and Research Centre,39,19234.0,February 2026 (lab).pdf,14
February 2026,Lab,M/s. Doctors Lab Thamarasserry,3,1135.0,February 2026 (lab).pdf,14
February 2026,Lab,"M/s. Doctors Lab, Payyoli",117,51352.0,February 2026 (lab).pdf,15
February 2026,Lab,"M/s. Doctors Medical Lab, Perambra",16,4399.0,February 2026 (lab).pdf,16
February 2026,Lab,M/s. Doctors Neethi Lab,26,5372.0,February 2026 (lab).pdf,16
February 2026,Lab,"M/s. Doctors Speciality Lab, Tirur",3,3990.0,February 2026 (lab).pdf,16
February 2026,Lab,M/s. Doctors Speciality Medical Laboratory,2,780.0,February 2026 (lab).pdf,17
February 2026,Lab,M/s. Emergency Care Pulikkal,11,4187.0,February 2026 (lab).pdf,17
February 2026,Lab,M/s. Fast & Safe Home Care,63,7447.0,February 2026 (lab).pdf,18
February 2026,Lab,M/s. Health Medic Laboratory Services,159,73546.0,February 2026 (lab).pdf,18
February 2026,Lab,M/s. Health Vision Laboratory,4,1008.0,February 2026 (lab).pdf,18
February 2026,Lab,M/s. Ideal Lab,8,1173.0,February 2026 (lab).pdf,19
February 2026,Lab,M/s. Jaihind Diagnostic Center,7,1000.0,February 2026 (lab).pdf,19
February 2026,Lab,"M/s. Janatha Hospital, Vadakara",10,3510.0,February 2026 (lab).pdf,19
February 2026,Lab,M/s. Jawad Laboratory,1,560.0,February 2026 (lab).pdf,19
February 2026,Lab,M/s. Jeevana Speciality Clinic,26,10025.0,February 2026 (lab).pdf,20
February 2026,Lab,M/s. Kakkur Co-operative Clinic,27,2147.0,February 2026 (lab).pdf,20
February 2026,Lab,"M/s. Kalarikkal Lab, Chungam",18,7607.0,February 2026 (lab).pdf,20
February 2026,Lab,M/s. Karthika Clinical Laboratory,14,1190.0,February 2026 (lab).pdf,20
February 2026,Lab,M/s. Karunya Health Care,45,31358.0,February 2026 (lab).pdf,21
February 2026,Lab,M/s. Koduvally Medical Center,62,12476.0,February 2026 (lab).pdf,22
February 2026,Lab,M/s. Koyilandy Co-operative Hospital,13,3236.0,February 2026 (lab).pdf,22
February 2026,Lab,"M/s. Life Pulse Diagnosis, Kottakadav",39,6369.0,February 2026 (lab).pdf,23
February 2026,Lab,M/s. Lifeline Laboratory,5,250.0,February 2026 (lab).pdf,23
February 2026,Lab,M/s. Malabar Medical Centre,243,45827.0,February 2026 (lab).pdf,24
February 2026,Lab,M/s. Manapad Clinic,2,560.0,February 2026 (lab).pdf,24
February 2026,Lab,M/s. Mannur Baba Laboratory,45,8211.0,February 2026 (lab).pdf,24
February 2026,Lab,M/s. Mayo Diagnostic Centre,2,750.0,February 2026 (lab).pdf,25
February 2026,Lab,M/s. Medeor Medicals,6,3780.0,February 2026 (lab).pdf,25
February 2026,Lab,M/s. Medicare Diagnostics,24,3360.0,February 2026 (lab).pdf,25
February 2026,Lab,M/s. Medicare Tanur,1,560.0,February 2026 (lab).pdf,25
February 2026,Lab,M/s. Medims Multi Speciality Clinic,39,12533.0,February 2026 (lab).pdf,26
February 2026,Lab,M/s. Mercy Medical Laboratory,75,14518.0,February 2026 (lab).pdf,26
February 2026,Lab,M/s. Meyon Lab,2,700.0,February 2026 (lab).pdf,26
February 2026,Lab,"M/s. Mithraa Health Laboratory, Chemmad",102,45538.0,February 2026 (lab).pdf,27
February 2026,Lab,M/s. Momis Clinic,43,10921.0,February 2026 (lab).pdf,28
February 2026,Lab,M/s. MR Clinic Lab,122,18876.0,February 2026 (lab).pdf,29
February 2026,Lab,M/s. Neethi lab Balussery,65,15591.0,February 2026 (lab).pdf,30
February 2026,Lab,M/s. Neethi Lab Perumanna,1,280.0,February 2026 (lab).pdf,30
February 2026,Lab,M/s. Nice Laboratory,20,8314.0,February 2026 (lab).pdf,30
February 2026,Lab,M/s. Noonus Healthcare,19,1998.0,February 2026 (lab).pdf,30
February 2026,Lab,M/s. Northern Gastro Centre,11,6580.0,February 2026 (lab).pdf,30
February 2026,Lab,M/s. Payyoli Lab,31,7656.0,February 2026 (lab).pdf,31
February 2026,Lab,M/s. Poly Lab Vatakara,38,15223.0,February 2026 (lab).pdf,32
February 2026,Lab,M/s. Popular Diagnostics,4,2940.0,February 2026 (lab).pdf,32
February 2026,Lab,M/s. Premier Lab,1,504.0,February 2026 (lab).pdf,32
February 2026,Lab,M/s. Prime Day Care Hospital,4,760.0,February 2026 (lab).pdf,32
February 2026,Lab,M/s. Pulikkal Neethi Lab,24,3905.0,February 2026 (lab).pdf,32
February 2026,Lab,M/s. Rafa Mobile Nursing Care,1,240.0,February 2026 (lab).pdf,33
February 2026,Lab,M/s. RP Medhelix Diagnostics Pvt Ltd,27,8442.0,February 2026 (lab).pdf,33
February 2026,Lab,M/s. S K Park Residence Association,29,4768.0,February 2026 (lab).pdf,33
February 2026,Lab,M/s. Sahachari Neethi Lab,1,420.0,February 2026 (lab).pdf,33
February 2026,Lab,M/s. Sar Health Care,1,336.0,February 2026 (lab).pdf,33
February 2026,Lab,M/s. Sevana Medical Center,6,800.0,February 2026 (lab).pdf,34
February 2026,Lab,M/s. Shana Speciality Laboratory,6,3010.0,February 2026 (lab).pdf,34
February 2026,Lab,M/s. SL Diagnostic Centre,16,2997.0,February 2026 (lab).pdf,34
February 2026,Lab,M/s. Spectra Medical Lab,1,210.0,February 2026 (lab).pdf,34
February 2026,Lab,"M/s. Star Health Care Clinic, Nanmanda",26,8101.0,February 2026 (lab).pdf,35
February 2026,Lab,"M/s. Surabhi Laboratory, Balussery",22,2918.0,February 2026 (lab).pdf,35
February 2026,Lab,M/s. Team Maxpath Labs,1,630.0,February 2026 (lab).pdf,35
February 2026,Lab,M/s. Thalayad Medical Laboratory,2,450.0,February 2026 (lab).pdf,35
February 2026,Lab,M/s. Tree Clinic,30,5014.0,February 2026 (lab).pdf,36
February 2026,Lab,M/s. Tree Health Centre,4,625.0,February 2026 (lab).pdf,36
February 2026,Lab,M/s. Ultra Diagnostic Center & ECG,25,6600.0,February 2026 (lab).pdf,36
February 2026,Lab,M/s. V Trust Healthcare,2,155.0,February 2026 (lab).pdf,36
February 2026,Lab,M/s. Viswas Diagnostic Surgical Polyclinic,29,4093.0,February 2026 (lab).pdf,37
February 2026,Lab,M/s. We Care Polyclinic,28,5374.0,February 2026 (lab).pdf,37
February 2026,Lab,M/s. Well Care Clinic,25,4031.0,February 2026 (lab).pdf,38
February 2026,Lab,M/s. Wellness Mediclinic,2,100.0,February 2026 (lab).pdf,38
February 2026,Lab,M/s. Yours Calicut Lab,3,980.0,February 2026 (lab).pdf,38
February 2026,Lab,METROPOLIS,9,18760.0,February 2026 (lab).pdf,38
February 2026,Lab,PRIVILEGE CUSTOMER,400,108339.0,February 2026 (lab).pdf,40
February 2026,Lab,Puthiyara Ayalpakkavedhi Healthcamp,2,392.0,February 2026 (lab).pdf,40
February 2026,Lab,Senior Citizen Forum,6,1584.0,February 2026 (lab).pdf,41
February 2026,Lab,Senior Citizen Welfare Association,14,2343.0,February 2026 (lab).pdf,41
March 2026,Hospital,Beypore Neethi Diagnostic Centre,61,5188.0,March 2026.pdf,1
March 2026,Hospital,DISTRICT TB CENTRE,42,7560.0,March 2026.pdf,1
March 2026,Hospital,Dr. Agarwals Eye Hospital,24,5831.0,March 2026.pdf,1
March 2026,Hospital,Dr. Balram Healthcare Private Limited,28,14770.0,March 2026.pdf,2
March 2026,Hospital,"Dr. Chandrakanth, Malabar Nethralaya",33,10641.0,March 2026.pdf,2
March 2026,Hospital,Dr. Shaji’s MRI & Medical Research Center,115,34721.0,March 2026.pdf,4
March 2026,Hospital,Dr. Shaji's Diagnostic Centre,143,51957.0,March 2026.pdf,5
March 2026,Hospital,Dr. Suresh's DiabCare India,17,3891.0,March 2026.pdf,6
March 2026,Hospital,Dr. Thaj Skin & Hair Clinic,35,19720.0,March 2026.pdf,6
March 2026,Hospital,M/s R-Cell Diagnostics & Research Centre Pvt Ltd,20,6468.0,March 2026.pdf,6
March 2026,Hospital,M/s. Access Labz,77,11527.0,March 2026.pdf,7
March 2026,Hospital,M/s. Almas Hospital Kottakkal,19,39550.0,March 2026.pdf,7
March 2026,Hospital,M/s. Amana Hospital Kuttiadi,62,17801.0,March 2026.pdf,8
March 2026,Hospital,M/s. APOLLO XRAY DIAGNOSTIC CENTRE KOYILANDY,133,73434.0,March 2026.pdf,9
March 2026,Hospital,M/s. Ariyallur Neethi Medicals,169,30598.0,March 2026.pdf,11
March 2026,Hospital,M/s. Ascent ENT Hospital & Medical Centre,23,14980.0,March 2026.pdf,11
March 2026,Hospital,"M/s. Ascent ENT Hospital, Perintalmanna",29,18151.0,March 2026.pdf,11
March 2026,Hospital,"M/s. ASCENT ENT HOSPITAL,KOZHIKODE",16,10430.0,March 2026.pdf,11
March 2026,Hospital,M/s. Asha Hospital,44,30974.0,March 2026.pdf,12
March 2026,Hospital,M/s. Asten Specialty Orthopaedic Hospital,35,17871.0,March 2026.pdf,12
March 2026,Hospital,M/s. Atholi Co-operative Hospital,95,21544.0,March 2026.pdf,13
March 2026,Hospital,M/s. Aza Diagnostic Center,236,101568.0,March 2026.pdf,15
March 2026,Hospital,M/s. Baby Memorial Hospital,11,16135.0,March 2026.pdf,15
March 2026,Hospital,M/s. Badakara Co-Operative Hospital,57,35691.0,March 2026.pdf,16
March 2026,Hospital,"M/s. Bio Lab, Koduvally, Calicut",225,45591.0,March 2026.pdf,17
March 2026,Hospital,"M/s. BM Hospital, Pulikkal",68,26231.0,March 2026.pdf,17
March 2026,Hospital,M/s. C.M. Hospital,195,93759.0,March 2026.pdf,19
March 2026,Hospital,M/s. Calicut Center for Surgery,1,1120.0,March 2026.pdf,19
March 2026,Hospital,M/s. Calicut Hospital & Nursing Home,169,45405.0,March 2026.pdf,21
March 2026,Hospital,M/s. Chalapuram Saroj Lab,273,143509.0,March 2026.pdf,23
March 2026,Hospital,M/s. Chethana Laboratory Medicine,16,4524.0,March 2026.pdf,23
March 2026,Hospital,M/s. Comtrust Charitable Trust Eye Hospital,216,70651.0,March 2026.pdf,23
March 2026,Hospital,M/s. Comtrust Vision Center,46,7498.0,March 2026.pdf,23
March 2026,Hospital,M/s. CPC Medical Laboratory,10,4858.0,March 2026.pdf,24
March 2026,Hospital,M/s. Dependable Diagnostics,225,80665.0,March 2026.pdf,25
March 2026,Hospital,M/s. Diamond Healthcare Vadakara,64,26889.0,March 2026.pdf,26
March 2026,Hospital,M/s. DMS Hospital,151,75165.0,March 2026.pdf,28
March 2026,Hospital,M/s. Doctors United,209,41672.0,March 2026.pdf,29
March 2026,Hospital,"M/s. Dr. Manoj's ENT,Super Speciality & Research",713,125274.0,March 2026.pdf,30
March 2026,Hospital,M/s. EMS Memorial Co-Operative Hospital Perambra,143,71196.0,March 2026.pdf,31
March 2026,Hospital,"M/s. EMS Memorial Co-operative Hospital, Mukkam",37,25740.0,March 2026.pdf,32
March 2026,Hospital,"M/s. Fathima Hospital, Bank Road, Calicut",154,73558.0,March 2026.pdf,33
March 2026,Hospital,"M/s. Feroke Neethi Medical Centre, Kundayithodu",94,18808.0,March 2026.pdf,34
March 2026,Hospital,M/s. GMC Orthotrust Hospital,163,38381.0,March 2026.pdf,35
March 2026,Hospital,M/s. Indira Gandhi Co-Operative Hospital,19,15400.0,March 2026.pdf,35
March 2026,Hospital,M/s. Iqraa International Hospital&Research Centre,50,18193.0,March 2026.pdf,36
March 2026,Hospital,M/s. JAIHIND LAB NADAPURAM,111,62408.0,March 2026.pdf,37
March 2026,Hospital,"M/s. JAIHIND LAB,KUTTIADI",32,7286.0,March 2026.pdf,37
March 2026,Hospital,M/s. Janatha Medical laboratory,378,177767.0,March 2026.pdf,39
March 2026,Hospital,M/s. Jas Health Care,64,28614.0,March 2026.pdf,40
March 2026,Hospital,M/s. Jeeva Speciality Laboratory,6,1928.0,March 2026.pdf,40
March 2026,Hospital,M/s. Kalarikkal X-ray Laboratory & ECG,269,42863.0,March 2026.pdf,42
March 2026,Hospital,M/s. Karuna Laboratory Mullambath,16,1535.0,March 2026.pdf,42
March 2026,Hospital,"M/s. Karuna Poly Clinic, Kakattil",143,27287.0,March 2026.pdf,43
March 2026,Hospital,M/s. KIMS Trust Hospital,106,75569.0,March 2026.pdf,44
March 2026,Hospital,M/s. Kommeri Neethi Lab,227,34665.0,March 2026.pdf,45
March 2026,Hospital,M/s. Kootalida Neethi Medical Lab,225,35641.0,March 2026.pdf,46
March 2026,Hospital,M/s. Koyas Hospital,65,36484.0,March 2026.pdf,46
March 2026,Hospital,M/s. Kozhikode District Co-Operative Hospital Ltd,230,143334.0,March 2026.pdf,48
March 2026,Hospital,"M/s. Life Care Lab, Koottalida, Calicut",71,10947.0,March 2026.pdf,49
March 2026,Hospital,M/s. Life Care Neethi Lab Payyoli,5,2410.0,March 2026.pdf,49
March 2026,Hospital,M/s. M.B. Hospital Malappuram,111,77602.0,March 2026.pdf,50
March 2026,Hospital,M/s. M.K.Haji Orphanage Hospital,159,116168.0,March 2026.pdf,51
March 2026,Hospital,M/s. Mahe Neethi Lab & Diagnostic Centre,13,8945.0,March 2026.pdf,51
March 2026,Hospital,M/s. Malabar Hospitals,196,96505.0,March 2026.pdf,53
March 2026,Hospital,M/s. Mammi's Laboratory,39,18571.0,March 2026.pdf,53
March 2026,Hospital,M/s. Manohar Hospital,3,805.0,March 2026.pdf,53
March 2026,Hospital,M/s. MDC Laboratory,91,59474.0,March 2026.pdf,54
March 2026,Hospital,M/s. Medicheck Healthcare,79,15406.0,March 2026.pdf,55
March 2026,Hospital,M/s. MEDICHECK DIAGNOSTICS,91,13263.0,March 2026.pdf,55
March 2026,Hospital,M/s. Medico Balussery,321,72823.0,March 2026.pdf,57
March 2026,Hospital,M/s. Mercy Hospital,227,130470.0,March 2026.pdf,58
March 2026,Hospital,M/s. Metromed International Cardiac Centre PVT.LTD,45,17850.0,March 2026.pdf,60
March 2026,Hospital,"M/s. Micro Diagnostics, Balussery",135,34766.0,March 2026.pdf,61
March 2026,Hospital,M/s. Micro Health Laboratories,110,85080.5,March 2026.pdf,62
March 2026,Hospital,M/s. Mother Health Care,222,41980.0,March 2026.pdf,63
March 2026,Hospital,M/s. MVR Cancer Centre & Research Institute,58,46169.0,March 2026.pdf,64
March 2026,Hospital,"M/s. NAHAS HOSPITAL,PARAPPANANGADI",316,180243.0,March 2026.pdf,65
March 2026,Hospital,M/s. Nanma Computerized Specialty Lab,101,17822.0,March 2026.pdf,66
March 2026,Hospital,M/s. Nazia Hospital Chettippadi,65,26399.0,March 2026.pdf,67
March 2026,Hospital,M/s. Ncare IVF Calicut,85,27850.0,March 2026.pdf,67
March 2026,Hospital,M/s. Neethi Lab Kadalundi,96,23105.0,March 2026.pdf,68
March 2026,Hospital,M/s. Neethi Lab Kunnamangalam,456,131857.0,March 2026.pdf,70
March 2026,Hospital,M/s. Neethi Lab Pantheerankavu,160,11453.0,March 2026.pdf,71
March 2026,Hospital,"M/s. Neethi Laboratory, Balussery Mukku",99,15426.0,March 2026.pdf,72
March 2026,Hospital,M/s. Neethi Medical Laboratory Feroke,1097,243235.0,March 2026.pdf,74
March 2026,Hospital,"M/s. Neethi Poly Clinic, Nanminda",329,45583.0,March 2026.pdf,76
March 2026,Hospital,M/s. Orchid Medicity,190,58666.0,March 2026.pdf,77
March 2026,Hospital,M/s. Parambil Bazar Neethi lab,48,10963.0,March 2026.pdf,78
March 2026,Hospital,M/s. PVS Sunrise Hospital Calicut,8,14581.0,March 2026.pdf,78
March 2026,Hospital,M/s. Red Crescent Hospital,233,95831.0,March 2026.pdf,80
March 2026,Hospital,"M/s. Royal Lab, Mukkam",280,59758.0,March 2026.pdf,81
March 2026,Hospital,M/s. S.B Medical Laboratory,64,37870.0,March 2026.pdf,81
March 2026,Hospital,"M/s. Sahakarana Neethi Lab, Koduvally",186,38281.0,March 2026.pdf,82
March 2026,Hospital,M/s. Sankar Clinic & Nursing Home,56,21896.0,March 2026.pdf,83
March 2026,Hospital,"M/s. SANTHI HOSPITAL, OMASSERY",107,47916.0,March 2026.pdf,84
March 2026,Hospital,M/s. Shade Medical Center,133,45048.0,March 2026.pdf,85
March 2026,Hospital,M/s. Smart Hospital & Research Centre,73,15904.0,March 2026.pdf,86
March 2026,Hospital,M/s. St. JOSEPH HOSPITAL,89,62662.0,March 2026.pdf,86
March 2026,Hospital,M/s. Starcare Hospital,229,127022.0,March 2026.pdf,88
March 2026,Hospital,M/s. State Bank of India,399,50507.0,March 2026.pdf,89
March 2026,Hospital,"M/s. T.M.H Hospital, Kottakadav",148,58733.0,March 2026.pdf,91
March 2026,Hospital,M/s. Vengeri Neethi Medical Lab,50,9777.0,March 2026.pdf,91
March 2026,Hospital,M/s. Your Center,85,33822.0,March 2026.pdf,93
March 2026,Hospital,M/s.Premium Medical & Health Care Providers PvtLtd,26,17640.0,March 2026.pdf,93
March 2026,Hospital,Malabar Medical College Hospital & Research Center,174,121416.0,March 2026.pdf,95
March 2026,Lab,Auto Rickshaw Drivers Privilege Card -Calicut,5,1144.0,March 2026 (Lab).pdf,1
March 2026,Lab,DD,696,268670.0,March 2026 (Lab).pdf,4
March 2026,Lab,Dr. Das's Multispeciality Homoeopathy & Laboratory,18,6334.0,March 2026 (Lab).pdf,5
March 2026,Lab,Dr. Moosan Abdulla's MLH,5,3220.0,March 2026 (Lab).pdf,5
March 2026,Lab,Dr. Nisars GlobaI Scans & Diagnostic Centre,41,10458.0,March 2026 (Lab).pdf,5
March 2026,Lab,Dr. Riyas Ali's ENT Centre,6,2870.0,March 2026 (Lab).pdf,5
March 2026,Lab,Health Packages,256,753330.0,March 2026 (Lab).pdf,7
March 2026,Lab,Jail Road South Residence Association,1,200.0,March 2026 (Lab).pdf,7
March 2026,Lab,Lal Path Labs,132,344470.0,March 2026 (Lab).pdf,9
March 2026,Lab,M/s. Abdussalam Clinic,32,6344.0,March 2026 (Lab).pdf,9
March 2026,Lab,M/s. AKMM Hospital,46,12651.0,March 2026 (Lab).pdf,9
March 2026,Lab,M/s. Apex Ortho Centre,188,47070.0,March 2026 (Lab).pdf,10
March 2026,Lab,M/s. Areekara Medical Laboratory,16,6342.0,March 2026 (Lab).pdf,11
March 2026,Lab,M/s. Asha Neethi Lab,2,4950.0,March 2026 (Lab).pdf,11
March 2026,Lab,M/s. Aswani Lab,3,940.0,March 2026 (Lab).pdf,11
March 2026,Lab,M/s. Atera Aesthetics Kuttiadi,4,2030.0,March 2026 (Lab).pdf,11
March 2026,Lab,M/s. Aysha Computerised Lab,116,16230.0,March 2026 (Lab).pdf,12
March 2026,Lab,M/s. Bewell Polyclinic,20,2928.0,March 2026 (Lab).pdf,12
March 2026,Lab,M/s. Bioline Laboratory,5,3500.0,March 2026 (Lab).pdf,12
March 2026,Lab,M/s. Bio-Medical Diagnostic Centre,4,5320.0,March 2026 (Lab).pdf,12
March 2026,Lab,M/s. Calicut Dr. Nisar's,37,28805.0,March 2026 (Lab).pdf,13
March 2026,Lab,M/s. Central Medical Lab & ECG,5,3503.0,March 2026 (Lab).pdf,13
March 2026,Lab,M/s. Central Medical Laboratory,2,250.0,March 2026 (Lab).pdf,13
March 2026,Lab,M/s. Delux Clinical Laboratory,34,6730.0,March 2026 (Lab).pdf,14
March 2026,Lab,M/s. Doctors Diagnostic and Research Centre,48,31319.5,March 2026 (Lab).pdf,15
March 2026,Lab,M/s. Doctors Lab Thamarasserry,4,1460.0,March 2026 (Lab).pdf,15
March 2026,Lab,"M/s. Doctors Lab, Payyoli",96,40126.0,March 2026 (Lab).pdf,16
March 2026,Lab,"M/s. Doctors Medical Lab, Perambra",9,870.0,March 2026 (Lab).pdf,16
March 2026,Lab,M/s. Doctors Neethi Lab,18,3380.0,March 2026 (Lab).pdf,16
March 2026,Lab,M/s. Doctors Speciality Medical Laboratory,5,651.0,March 2026 (Lab).pdf,17
March 2026,Lab,M/s. Emergency Care Pulikkal,1,560.0,March 2026 (Lab).pdf,17
March 2026,Lab,M/s. Fast & Safe Home Care,35,3472.0,March 2026 (Lab).pdf,17
March 2026,Lab,M/s. Health Medic Laboratory Services,100,48660.0,March 2026 (Lab).pdf,18
March 2026,Lab,M/s. Ideal Lab,5,1101.0,March 2026 (Lab).pdf,18
March 2026,Lab,M/s. Jaihind Diagnostic Center,9,500.0,March 2026 (Lab).pdf,18
March 2026,Lab,"M/s. Janatha Hospital, Vadakara",8,3110.0,March 2026 (Lab).pdf,18
March 2026,Lab,M/s. Jawad Laboratory,3,1330.0,March 2026 (Lab).pdf,18
March 2026,Lab,M/s. Jeevana Speciality Clinic,33,7975.0,March 2026 (Lab).pdf,19
March 2026,Lab,M/s. Kakkur Co-operative Clinic,28,4917.0,March 2026 (Lab).pdf,19
March 2026,Lab,"M/s. Kalarikkal Lab, Chungam",17,3349.0,March 2026 (Lab).pdf,20
March 2026,Lab,M/s. Karthika Clinical Laboratory,9,500.0,March 2026 (Lab).pdf,20
March 2026,Lab,M/s. Karunya Health Care,58,44490.0,March 2026 (Lab).pdf,21
March 2026,Lab,M/s. Karunya Lab,1,450.0,March 2026 (Lab).pdf,21
March 2026,Lab,M/s. Koduvally Medical Center,45,8850.0,March 2026 (Lab).pdf,21
March 2026,Lab,M/s. Koyilandy Co-operative Hospital,11,3625.0,March 2026 (Lab).pdf,22
March 2026,Lab,"M/s. Life Pulse Diagnosis, Kottakadav",26,3451.0,March 2026 (Lab).pdf,22
March 2026,Lab,M/s. Lifeline Laboratory,7,700.0,March 2026 (Lab).pdf,22
March 2026,Lab,M/s. Malabar Medical Centre,184,42391.0,March 2026 (Lab).pdf,24
March 2026,Lab,M/s. Mannur Baba Laboratory,51,7935.0,March 2026 (Lab).pdf,24
March 2026,Lab,M/s. Medeor Medicals,8,4480.0,March 2026 (Lab).pdf,24
March 2026,Lab,M/s. Medicare Diagnostics,1,350.0,March 2026 (Lab).pdf,24
March 2026,Lab,M/s. Medims Multi Speciality Clinic,40,15134.0,March 2026 (Lab).pdf,25
March 2026,Lab,M/s. Mercy Medical Laboratory,75,11542.0,March 2026 (Lab).pdf,25
March 2026,Lab,M/s. Micro Medical Laboratory & ECG,1,315.0,March 2026 (Lab).pdf,25
March 2026,Lab,"M/s. Mithraa Health Laboratory, Chemmad",105,56123.0,March 2026 (Lab).pdf,26
March 2026,Lab,M/s. Momis Clinic,45,10140.0,March 2026 (Lab).pdf,27
March 2026,Lab,M/s. MR Clinic Lab,158,25186.0,March 2026 (Lab).pdf,28
March 2026,Lab,M/s. Mudra Yoga & Wellness Centre,8,2810.0,March 2026 (Lab).pdf,28
March 2026,Lab,M/s. National Lab & ECG,1,50.0,March 2026 (Lab).pdf,28
March 2026,Lab,M/s. Neethi lab Balussery,112,25856.0,March 2026 (Lab).pdf,30
March 2026,Lab,"M/s. Neethi Lab Diagnostic Center, Vadakara",2,7000.0,March 2026 (Lab).pdf,30
March 2026,Lab,M/s. Nice Laboratory,14,5085.0,March 2026 (Lab).pdf,30
March 2026,Lab,M/s. Nimmi Medical Centre,8,3439.0,March 2026 (Lab).pdf,30
March 2026,Lab,M/s. Noonus Healthcare,12,1531.0,March 2026 (Lab).pdf,30
March 2026,Lab,M/s. Northern Gastro Centre,3,1680.0,March 2026 (Lab).pdf,30
March 2026,Lab,M/s. Payyoli Lab,30,3804.0,March 2026 (Lab).pdf,31
March 2026,Lab,M/s. Poly Lab Vatakara,59,22144.0,March 2026 (Lab).pdf,32
March 2026,Lab,M/s. Popular Diagnostics,2,840.0,March 2026 (Lab).pdf,32
March 2026,Lab,M/s. Pulikkal Neethi Lab,27,6015.0,March 2026 (Lab).pdf,32
March 2026,Lab,M/s. Rafa Mobile Nursing Care,10,1440.0,March 2026 (Lab).pdf,33
March 2026,Lab,M/s. RP Medhelix Diagnostics Pvt Ltd,27,7210.0,March 2026 (Lab).pdf,33
March 2026,Lab,M/s. S K Park Residence Association,26,3558.0,March 2026 (Lab).pdf,33
March 2026,Lab,M/s. Shana Speciality Laboratory,8,4480.0,March 2026 (Lab).pdf,34
March 2026,Lab,M/s. SL Diagnostic Centre,7,990.0,March 2026 (Lab).pdf,34
March 2026,Lab,M/s. Spectra Medical Lab,12,3010.0,March 2026 (Lab).pdf,34
March 2026,Lab,"M/s. Star Health Care Clinic, Nanmanda",29,6885.0,March 2026 (Lab).pdf,34
March 2026,Lab,"M/s. Surabhi Laboratory, Balussery",25,2500.0,March 2026 (Lab).pdf,35
March 2026,Lab,M/s. Tely Medical Centre,1,640.0,March 2026 (Lab).pdf,35
March 2026,Lab,M/s. Tree Clinic,50,9102.0,March 2026 (Lab).pdf,35
March 2026,Lab,M/s. Tree Health Centre,30,7240.0,March 2026 (Lab).pdf,36
March 2026,Lab,M/s. Ultra Diagnostic Center & ECG,11,4670.0,March 2026 (Lab).pdf,36
March 2026,Lab,M/s. V Trust Healthcare,7,2600.0,March 2026 (Lab).pdf,36
March 2026,Lab,M/s. Viswas Diagnostic Surgical Polyclinic,23,2525.0,March 2026 (Lab).pdf,37
March 2026,Lab,M/s. We Care Polyclinic,45,9506.0,March 2026 (Lab).pdf,37
March 2026,Lab,M/s. Well Care Clinic,19,2474.0,March 2026 (Lab).pdf,38
March 2026,Lab,M/s. Wellness Mediclinic,1,210.0,March 2026 (Lab).pdf,38
March 2026,Lab,M/s. Yours Calicut Lab,1,350.0,March 2026 (Lab).pdf,38
March 2026,Lab,M/s.Nazah medical centre,1,350.0,March 2026 (Lab).pdf,38
March 2026,Lab,METROPOLIS,16,59160.0,March 2026 (Lab).pdf,38
March 2026,Lab,Parayancheri Residence Association Privilege Card,26,11488.0,March 2026 (Lab).pdf,39
March 2026,Lab,PRIVILEGE CUSTOMER,388,86418.0,March 2026 (Lab).pdf,41
March 2026,Lab,Puthiyara Ayalpakkavedhi Healthcamp,15,1902.0,March 2026 (Lab).pdf,41
March 2026,Lab,Senior Citizen Welfare Association,6,675.0,March 2026 (Lab).pdf,41
March 2026,Lab,SKPCC Senior Citizens Forum Privilege Card,3,496.0,March 2026 (Lab).pdf,41
April 2026,Hospital,Beypore Neethi Diagnostic Centre,92,7308.0,April 2026.pdf,1
April 2026,Hospital,DISTRICT TB CENTRE,18,3240.0,April 2026.pdf,1
April 2026,Hospital,Dr. Agarwals Eye Hospital,32,10485.0,April 2026.pdf,2
April 2026,Hospital,Dr. Balram Healthcare Private Limited,25,15120.0,April 2026.pdf,2
April 2026,Hospital,"Dr. Chandrakanth, Malabar Nethralaya",45,19473.0,April 2026.pdf,2
April 2026,Hospital,Dr. Shaji’s MRI & Medical Research Center,81,28737.0,April 2026.pdf,4
April 2026,Hospital,Dr. Shaji's Diagnostic Centre,227,79310.0,April 2026.pdf,5
April 2026,Hospital,Dr. Suresh's DiabCare India,29,9555.0,April 2026.pdf,6
April 2026,Hospital,Dr. Thaj Skin & Hair Clinic,59,35763.0,April 2026.pdf,6
April 2026,Hospital,M/s R-Cell Diagnostics & Research Centre Pvt Ltd,23,6958.0,April 2026.pdf,6
April 2026,Hospital,M/s. Access Labz,54,9318.0,April 2026.pdf,7
April 2026,Hospital,M/s. Almas Hospital Kottakkal,76,60620.0,April 2026.pdf,7
April 2026,Hospital,M/s. Amana Hospital Kuttiadi,72,23354.0,April 2026.pdf,8
April 2026,Hospital,M/s. APOLLO XRAY DIAGNOSTIC CENTRE KOYILANDY,148,75016.0,April 2026.pdf,10
April 2026,Hospital,M/s. Ariyallur Neethi Medicals,178,28743.0,April 2026.pdf,11
April 2026,Hospital,M/s. Aroha Clinic,5,1720.0,April 2026.pdf,11
April 2026,Hospital,M/s. Ascent ENT Hospital & Medical Centre,64,44870.0,April 2026.pdf,11
April 2026,Hospital,"M/s. Ascent ENT Hospital, Perintalmanna",92,60242.0,April 2026.pdf,11
April 2026,Hospital,"M/s. ASCENT ENT HOSPITAL,KOZHIKODE",33,21700.0,April 2026.pdf,12
April 2026,Hospital,M/s. Asha Hospital,58,41664.0,April 2026.pdf,12
April 2026,Hospital,M/s. Asten Specialty Orthopaedic Hospital,24,13888.0,April 2026.pdf,12
April 2026,Hospital,M/s. Atholi Co-operative Hospital,45,9654.0,April 2026.pdf,13
April 2026,Hospital,M/s. Aza Diagnostic Center,229,111667.0,April 2026.pdf,14
April 2026,Hospital,M/s. Baby Memorial Hospital,14,19985.0,April 2026.pdf,15
April 2026,Hospital,M/s. Badakara Co-Operative Hospital,62,42082.0,April 2026.pdf,15
April 2026,Hospital,"M/s. Bio Lab, Koduvally, Calicut",310,62699.0,April 2026.pdf,17
April 2026,Hospital,"M/s. BM Hospital, Pulikkal",61,20882.0,April 2026.pdf,17
April 2026,Hospital,M/s. C.M. Hospital,160,73983.0,April 2026.pdf,19
April 2026,Hospital,M/s. Calicut Center for Surgery,3,4900.0,April 2026.pdf,19
April 2026,Hospital,M/s. Calicut Hospital & Nursing Home,192,56212.0,April 2026.pdf,20
April 2026,Hospital,M/s. Chalapuram Saroj Lab,261,191431.0,April 2026.pdf,23
April 2026,Hospital,M/s. Chethana Laboratory Medicine,25,6910.0,April 2026.pdf,23
April 2026,Hospital,M/s. Comtrust Charitable Trust Eye Hospital,228,75630.0,April 2026.pdf,24
April 2026,Hospital,M/s. Comtrust Vision Center,54,8802.0,April 2026.pdf,24
April 2026,Hospital,M/s. CPC Medical Laboratory,5,1400.0,April 2026.pdf,24
April 2026,Hospital,M/s. Cradle Calicut Maternity Care Pvt Ltd,9,6314.0,April 2026.pdf,24
April 2026,Hospital,M/s. Dependable Diagnostics,258,105878.0,April 2026.pdf,26
April 2026,Hospital,M/s. Diamond Healthcare Vadakara,70,28208.0,April 2026.pdf,27
April 2026,Hospital,M/s. DMS Hospital,205,96439.0,April 2026.pdf,28
April 2026,Hospital,M/s. Doctors United,229,46500.0,April 2026.pdf,29
April 2026,Hospital,"M/s. Dr. Manoj's ENT,Super Speciality & Research",849,147951.0,April 2026.pdf,31
April 2026,Hospital,M/s. EMS Memorial Co-Operative Hospital Perambra,140,65942.0,April 2026.pdf,32
April 2026,Hospital,"M/s. EMS Memorial Co-operative Hospital, Mukkam",32,17185.0,April 2026.pdf,32
April 2026,Hospital,"M/s. Fathima Hospital, Bank Road, Calicut",189,93402.0,April 2026.pdf,34
April 2026,Hospital,"M/s. Feroke Neethi Medical Centre, Kundayithodu",58,16413.0,April 2026.pdf,35
April 2026,Hospital,M/s. GMC Orthotrust Hospital,150,38002.0,April 2026.pdf,36
April 2026,Hospital,M/s. Indira Gandhi Co-Operative Hospital,48,31560.0,April 2026.pdf,36
April 2026,Hospital,M/s. Institute of Chest Disease MCH,1,144.0,April 2026.pdf,36
April 2026,Hospital,M/s. Iqraa International Hospital&Research Centre,77,34740.0,April 2026.pdf,37
April 2026,Hospital,M/s. Ithis Hospital,21,11200.0,April 2026.pdf,37
April 2026,Hospital,M/s. JAIHIND LAB NADAPURAM,136,73584.0,April 2026.pdf,39
April 2026,Hospital,"M/s. JAIHIND LAB,KUTTIADI",39,7544.0,April 2026.pdf,39
April 2026,Hospital,M/s. Janatha Medical laboratory,519,242170.0,April 2026.pdf,41
April 2026,Hospital,M/s. Jas Health Care,80,44225.0,April 2026.pdf,42
April 2026,Hospital,M/s. Jeeva Speciality Laboratory,2,770.0,April 2026.pdf,42
April 2026,Hospital,M/s. Kalarikkal X-ray Laboratory & ECG,229,34389.0,April 2026.pdf,43
April 2026,Hospital,M/s. Karuna Laboratory Mullambath,29,3310.0,April 2026.pdf,43
April 2026,Hospital,"M/s. Karuna Poly Clinic, Kakattil",123,25177.0,April 2026.pdf,44
April 2026,Hospital,M/s. KIMS Trust Hospital,105,73662.0,April 2026.pdf,45
April 2026,Hospital,M/s. Kommeri Neethi Lab,292,47843.0,April 2026.pdf,47
April 2026,Hospital,M/s. Kootalida Neethi Medical Lab,251,44365.0,April 2026.pdf,48
April 2026,Hospital,M/s. Koyas Hospital,66,50369.0,April 2026.pdf,49
April 2026,Hospital,M/s. Kozhikode District Co-Operative Hospital Ltd,290,156136.0,April 2026.pdf,51
April 2026,Hospital,"M/s. Life Care Lab, Koottalida, Calicut",60,10979.0,April 2026.pdf,51
April 2026,Hospital,M/s. Life Care Neethi Lab Payyoli,3,3010.0,April 2026.pdf,51
April 2026,Hospital,M/s. M.B. Hospital Malappuram,207,117664.0,April 2026.pdf,53
April 2026,Hospital,M/s. M.K.Haji Orphanage Hospital,163,105456.0,April 2026.pdf,54
April 2026,Hospital,M/s. Malabar Hospitals,261,129987.0,April 2026.pdf,55
April 2026,Hospital,M/s. Mammi's Laboratory,44,25018.0,April 2026.pdf,56
April 2026,Hospital,M/s. MDC Laboratory,103,52986.0,April 2026.pdf,57
April 2026,Hospital,"M/s. MEDI CARE,DIAGNOSTICS & RESEARCH CENTRE",1,150.0,April 2026.pdf,57
April 2026,Hospital,M/s. Medicheck Healthcare,130,28343.0,April 2026.pdf,57
April 2026,Hospital,M/s. MEDICHECK DIAGNOSTICS,140,28534.0,April 2026.pdf,58
April 2026,Hospital,M/s. Medico Balussery,335,67125.0,April 2026.pdf,60
April 2026,Hospital,M/s. Medlife Kakkur Neethi Medical Centre,1,4900.0,April 2026.pdf,60
April 2026,Hospital,M/s. Mercy Hospital,268,165293.0,April 2026.pdf,61
April 2026,Hospital,M/s. Metromed International Cardiac Centre PVT.LTD,57,31888.0,April 2026.pdf,63
April 2026,Hospital,"M/s. Micro Diagnostics, Balussery",146,35859.0,April 2026.pdf,64
April 2026,Hospital,M/s. Micro Health Laboratories,168,129690.5,April 2026.pdf,65
April 2026,Hospital,M/s. Mother Health Care,178,34216.0,April 2026.pdf,66
April 2026,Hospital,M/s. MVR Cancer Centre & Research Institute,127,63116.0,April 2026.pdf,67
April 2026,Hospital,"M/s. NAHAS HOSPITAL,PARAPPANANGADI",397,214252.0,April 2026.pdf,68
April 2026,Hospital,M/s. Nanma Computerized Specialty Lab,100,17145.0,April 2026.pdf,69
April 2026,Hospital,M/s. Nazia Hospital Chettippadi,95,32067.0,April 2026.pdf,70
April 2026,Hospital,M/s. Ncare IVF Calicut,52,17140.0,April 2026.pdf,70
April 2026,Hospital,M/s. Neethi Lab Kadalundi,83,14723.0,April 2026.pdf,71
April 2026,Hospital,M/s. Neethi Lab Kunnamangalam,433,129799.0,April 2026.pdf,74
April 2026,Hospital,M/s. Neethi Lab Pantheerankavu,142,8803.0,April 2026.pdf,74
April 2026,Hospital,"M/s. Neethi Laboratory, Balussery Mukku",138,30832.0,April 2026.pdf,75
April 2026,Hospital,M/s. Neethi Medical Laboratory Feroke,592,172729.0,April 2026.pdf,78
April 2026,Hospital,"M/s. Neethi Poly Clinic, Nanminda",256,32382.0,April 2026.pdf,79
April 2026,Hospital,M/s. Orchid Medicity,187,66054.0,April 2026.pdf,80
April 2026,Hospital,M/s. Parambil Bazar Neethi lab,38,11261.0,April 2026.pdf,81
April 2026,Hospital,M/s. PVS Sunrise Hospital Calicut,10,18690.0,April 2026.pdf,81
April 2026,Hospital,M/s. Red Crescent Hospital,315,141168.0,April 2026.pdf,83
April 2026,Hospital,"M/s. Royal Lab, Mukkam",416,80484.0,April 2026.pdf,84
April 2026,Hospital,M/s. S.B Medical Laboratory,51,32270.0,April 2026.pdf,84
April 2026,Hospital,"M/s. Sahakarana Neethi Lab, Koduvally",251,51728.0,April 2026.pdf,85
April 2026,Hospital,"M/s. Sahakarana Neethi Lab, Koyilandi",1,350.0,April 2026.pdf,85
April 2026,Hospital,M/s. Sankar Clinic & Nursing Home,40,21123.0,April 2026.pdf,86
April 2026,Hospital,"M/s. SANTHI HOSPITAL, OMASSERY",103,55159.0,April 2026.pdf,87
April 2026,Hospital,M/s. Shade Medical Center,197,66884.0,April 2026.pdf,88
April 2026,Hospital,M/s. Smart Hospital & Research Centre,114,21633.0,April 2026.pdf,89
April 2026,Hospital,M/s. St. JOSEPH HOSPITAL,134,91990.0,April 2026.pdf,89
April 2026,Hospital,M/s. Starcare Hospital,321,175241.0,April 2026.pdf,91
April 2026,Hospital,M/s. State Bank of India,384,49174.0,April 2026.pdf,92
April 2026,Hospital,M/s. Sudharma Lab,2,665.0,April 2026.pdf,92
April 2026,Hospital,"M/s. T.M.H Hospital, Kottakadav",133,66516.0,April 2026.pdf,94
April 2026,Hospital,M/s. Vengeri Neethi Medical Lab,94,18920.0,April 2026.pdf,95
April 2026,Hospital,M/s. Your Center,88,33992.0,April 2026.pdf,96
April 2026,Hospital,M/s.Premium Medical & Health Care Providers PvtLtd,2,1148.0,April 2026.pdf,96
April 2026,Hospital,Malabar Medical College Hospital & Research Center,188,133124.0,April 2026.pdf,98
April 2026,Lab,DD,736,272445.0,April 2026 (Lab).pdf,4
April 2026,Lab,Dr Buddies Health Hub,2,980.0,April 2026 (Lab).pdf,4
April 2026,Lab,Dr. Das's Multispeciality Homoeopathy & Laboratory,19,6845.0,April 2026 (Lab).pdf,4
April 2026,Lab,Dr. Moosan Abdulla's MLH,23,15890.0,April 2026 (Lab).pdf,4
April 2026,Lab,Dr. Nisars GlobaI Scans & Diagnostic Centre,95,15575.0,April 2026 (Lab).pdf,5
April 2026,Lab,Health Packages,241,707670.0,April 2026 (Lab).pdf,6
April 2026,Lab,Lal Path Labs,136,370400.0,April 2026 (Lab).pdf,8
April 2026,Lab,M/s. Abdussalam Clinic,19,3725.0,April 2026 (Lab).pdf,8
April 2026,Lab,M/s. AKMM Hospital,60,11543.0,April 2026 (Lab).pdf,9
April 2026,Lab,M/s. Amrutha Lab,9,6720.0,April 2026 (Lab).pdf,9
April 2026,Lab,M/s. Apex Ortho Centre,230,65700.0,April 2026 (Lab).pdf,10
April 2026,Lab,M/s. Areekara Medical Laboratory,23,11401.0,April 2026 (Lab).pdf,11
April 2026,Lab,M/s. Atera Aesthetics Kuttiadi,4,2030.0,April 2026 (Lab).pdf,11
April 2026,Lab,M/s. Aysha Computerised Lab,103,14841.0,April 2026 (Lab).pdf,12
April 2026,Lab,M/s. Bewell Polyclinic,46,5756.0,April 2026 (Lab).pdf,12
April 2026,Lab,M/s. Bioline Laboratory,5,2940.0,April 2026 (Lab).pdf,12
April 2026,Lab,M/s. Bio-Medical Diagnostic Centre,1,1260.0,April 2026 (Lab).pdf,12
April 2026,Lab,M/s. Calicut Dr. Nisar's,56,53328.0,April 2026 (Lab).pdf,13
April 2026,Lab,M/s. Central Medical Lab & ECG,16,5137.0,April 2026 (Lab).pdf,13
April 2026,Lab,M/s. Central Medical Laboratory,5,620.0,April 2026 (Lab).pdf,14
April 2026,Lab,M/s. Delux Clinical Laboratory,42,9500.0,April 2026 (Lab).pdf,14
April 2026,Lab,"M/s. Derma Vision, Chemmad",1,640.0,April 2026 (Lab).pdf,14
April 2026,Lab,M/s. Doctors Diagnostic and Research Centre,43,18209.0,April 2026 (Lab).pdf,15
April 2026,Lab,M/s. Doctors Lab Thamarasserry,11,2050.0,April 2026 (Lab).pdf,15
April 2026,Lab,"M/s. Doctors Lab, Payyoli",111,56752.0,April 2026 (Lab).pdf,17
April 2026,Lab,"M/s. Doctors Medical Lab, Perambra",12,3010.0,April 2026 (Lab).pdf,17
April 2026,Lab,M/s. Doctors Neethi Lab,20,3302.0,April 2026 (Lab).pdf,17
April 2026,Lab,"M/s. Doctors Speciality Lab, Tirur",1,560.0,April 2026 (Lab).pdf,17
April 2026,Lab,M/s. Doctors Speciality Medical Laboratory,15,10007.0,April 2026 (Lab).pdf,18
April 2026,Lab,M/s. Emergency Care Pulikkal,1,560.0,April 2026 (Lab).pdf,18
April 2026,Lab,M/s. Fast & Safe Home Care,36,4611.0,April 2026 (Lab).pdf,18
April 2026,Lab,M/s. Health Medic Laboratory Services,128,70362.0,April 2026 (Lab).pdf,19
April 2026,Lab,M/s. Ideal Lab,2,450.0,April 2026 (Lab).pdf,19
April 2026,Lab,M/s. Jaihind Diagnostic Center,13,650.0,April 2026 (Lab).pdf,19
April 2026,Lab,"M/s. Janatha Hospital, Vadakara",12,4495.0,April 2026 (Lab).pdf,19
April 2026,Lab,M/s. Jawad Laboratory,3,1330.0,April 2026 (Lab).pdf,20
April 2026,Lab,M/s. Jeevana Speciality Clinic,16,6210.0,April 2026 (Lab).pdf,20
April 2026,Lab,M/s. Kakkur Co-operative Clinic,12,1230.0,April 2026 (Lab).pdf,20
April 2026,Lab,"M/s. Kalarikkal Lab, Chungam",34,9083.0,April 2026 (Lab).pdf,21
April 2026,Lab,M/s. Karthika Clinical Laboratory,5,300.0,April 2026 (Lab).pdf,21
April 2026,Lab,M/s. Karunya Health Care,65,41384.0,April 2026 (Lab).pdf,22
April 2026,Lab,M/s. Karunya Lab,1,3500.0,April 2026 (Lab).pdf,22
April 2026,Lab,M/s. Karunya Wellness Care PVT.LTD,3,2240.0,April 2026 (Lab).pdf,22
April 2026,Lab,M/s. Koduvally Medical Center,63,14544.0,April 2026 (Lab).pdf,23
April 2026,Lab,M/s. Koyilandy Co-operative Hospital,13,4130.0,April 2026 (Lab).pdf,23
April 2026,Lab,"M/s. Life Pulse Diagnosis, Kottakadav",43,5347.0,April 2026 (Lab).pdf,24
April 2026,Lab,M/s. Lifeline Laboratory,6,1620.0,April 2026 (Lab).pdf,24
April 2026,Lab,M/s. Malabar Medical Centre,240,48785.0,April 2026 (Lab).pdf,26
April 2026,Lab,M/s. Mannur Baba Laboratory,39,5162.0,April 2026 (Lab).pdf,26
April 2026,Lab,M/s. Medeor Medicals,9,5040.0,April 2026 (Lab).pdf,26
April 2026,Lab,M/s. Medicare Diagnostics,2,700.0,April 2026 (Lab).pdf,26
April 2026,Lab,M/s. Medicare Tanur,3,1680.0,April 2026 (Lab).pdf,26
April 2026,Lab,M/s. Medims Multi Speciality Clinic,42,15093.0,April 2026 (Lab).pdf,27
April 2026,Lab,M/s. Medlab Atholi,37,10746.0,April 2026 (Lab).pdf,27
April 2026,Lab,M/s. Mercy Medical Laboratory,106,18122.0,April 2026 (Lab).pdf,29
April 2026,Lab,"M/s. Mithraa Health Laboratory, Chemmad",123,61638.0,April 2026 (Lab).pdf,30
April 2026,Lab,M/s. Momis Clinic,33,5240.0,April 2026 (Lab).pdf,30
April 2026,Lab,M/s. MR Clinic Lab,150,25944.0,April 2026 (Lab).pdf,31
April 2026,Lab,M/s. National Lab & ECG,3,4400.0,April 2026 (Lab).pdf,31
April 2026,Lab,M/s. Neethi lab Balussery,94,17672.0,April 2026 (Lab).pdf,32
April 2026,Lab,M/s. Nice Laboratory,9,2710.0,April 2026 (Lab).pdf,32
April 2026,Lab,M/s. Noonus Healthcare,8,803.0,April 2026 (Lab).pdf,32
April 2026,Lab,M/s. Northern Gastro Centre,5,2800.0,April 2026 (Lab).pdf,33
April 2026,Lab,M/s. Payyoli Lab,10,4655.0,April 2026 (Lab).pdf,33
April 2026,Lab,M/s. Poly Lab Vatakara,52,15410.0,April 2026 (Lab).pdf,34
April 2026,Lab,M/s. Popular Diagnostics,5,1750.0,April 2026 (Lab).pdf,34
April 2026,Lab,M/s. Pulikkal Neethi Lab,23,5690.0,April 2026 (Lab).pdf,34
April 2026,Lab,M/s. Rafa Mobile Nursing Care,1,400.0,April 2026 (Lab).pdf,34
April 2026,Lab,M/s. RP Medhelix Diagnostics Pvt Ltd,22,5320.0,April 2026 (Lab).pdf,34
April 2026,Lab,M/s. S K Park Residence Association,5,4992.0,April 2026 (Lab).pdf,35
April 2026,Lab,M/s. Sar Health Care,1,315.0,April 2026 (Lab).pdf,35
April 2026,Lab,M/s. Shana Speciality Laboratory,13,7280.0,April 2026 (Lab).pdf,35
April 2026,Lab,M/s. Skin Hair Laser Clinic,1,770.0,April 2026 (Lab).pdf,35
April 2026,Lab,M/s. SL Diagnostic Centre,4,249.0,April 2026 (Lab).pdf,35
April 2026,Lab,M/s. Spectra Medical Lab,14,5005.0,April 2026 (Lab).pdf,35
April 2026,Lab,"M/s. Star Health Care Clinic, Nanmanda",18,6809.0,April 2026 (Lab).pdf,36
April 2026,Lab,M/s. Surabhi Digital X-Ray & Lab,14,750.0,April 2026 (Lab).pdf,36
April 2026,Lab,"M/s. Surabhi Laboratory, Balussery",24,2804.0,April 2026 (Lab).pdf,36
April 2026,Lab,M/s. Thalayad Medical Laboratory,1,225.0,April 2026 (Lab).pdf,36
April 2026,Lab,M/s. Tree Clinic,26,4725.0,April 2026 (Lab).pdf,37
April 2026,Lab,M/s. Ultra Diagnostic Center & ECG,7,550.0,April 2026 (Lab).pdf,37
April 2026,Lab,M/s. V Trust Healthcare,2,700.0,April 2026 (Lab).pdf,37
April 2026,Lab,M/s. Viswas Diagnostic Surgical Polyclinic,25,2640.0,April 2026 (Lab).pdf,37
April 2026,Lab,M/s. We Care Polyclinic,11,2670.0,April 2026 (Lab).pdf,38
April 2026,Lab,M/s. Well Care Clinic,7,1190.0,April 2026 (Lab).pdf,38
April 2026,Lab,M/s. Wellness Mediclinic,4,200.0,April 2026 (Lab).pdf,38
April 2026,Lab,M/s. Yours Calicut Lab,1,4900.0,April 2026 (Lab).pdf,38
April 2026,Lab,METROPOLIS,12,41300.0,April 2026 (Lab).pdf,38
April 2026,Lab,Parayancheri Residence Association Privilege Card,9,1464.0,April 2026 (Lab).pdf,39
April 2026,Lab,PRIVILEGE CUSTOMER,403,103466.0,April 2026 (Lab).pdf,41
April 2026,Lab,Puthiyara Ayalpakkavedhi Healthcamp,17,4084.0,April 2026 (Lab).pdf,41
April 2026,Lab,Senior Citizen Forum,23,4752.0,April 2026 (Lab).pdf,42
April 2026,Lab,Senior Citizen Welfare Association,8,945.0,April 2026 (Lab).pdf,42
May 2026,Hospital,Beypore Neethi Diagnostic Centre,85,6182.0,May 2026.pdf,1
May 2026,Hospital,DISTRICT TB CENTRE,23,4140.0,May 2026.pdf,1
May 2026,Hospital,Dr. Agarwals Eye Hospital,43,22549.0,May 2026.pdf,2
May 2026,Hospital,Dr. Balram Healthcare Private Limited,44,23380.0,May 2026.pdf,2
May 2026,Hospital,"Dr. Chandrakanth, Malabar Nethralaya",63,24810.0,May 2026.pdf,3
May 2026,Hospital,Dr. Shaji’s MRI & Medical Research Center,81,23935.0,May 2026.pdf,4
May 2026,Hospital,Dr. Shaji's Diagnostic Centre,111,47268.0,May 2026.pdf,5
May 2026,Hospital,Dr. Suresh's DiabCare India,36,9504.0,May 2026.pdf,6
May 2026,Hospital,Dr. Thaj Skin & Hair Clinic,27,16800.0,May 2026.pdf,6
May 2026,Hospital,M/s R-Cell Diagnostics & Research Centre Pvt Ltd,21,6300.0,May 2026.pdf,6
May 2026,Hospital,M/s. Access Labz,74,14898.0,May 2026.pdf,7
May 2026,Hospital,M/s. Almas Hospital Kottakkal,9,13125.0,May 2026.pdf,7
May 2026,Hospital,M/s. Amana Hospital Kuttiadi,59,20378.0,May 2026.pdf,8
May 2026,Hospital,M/s. APOLLO XRAY DIAGNOSTIC CENTRE KOYILANDY,133,48904.0,May 2026.pdf,9
May 2026,Hospital,M/s. Ariyallur Neethi Medicals,112,21415.0,May 2026.pdf,10
May 2026,Hospital,M/s. Aroha Clinic,2,245.0,May 2026.pdf,10
May 2026,Hospital,M/s. Ascent ENT Hospital & Medical Centre,43,30506.0,May 2026.pdf,10
May 2026,Hospital,"M/s. Ascent ENT Hospital, Perintalmanna",95,66360.0,May 2026.pdf,10
May 2026,Hospital,"M/s. ASCENT ENT HOSPITAL,KOZHIKODE",35,23800.0,May 2026.pdf,11
May 2026,Hospital,M/s. Asha Hospital,27,14434.0,May 2026.pdf,11
May 2026,Hospital,M/s. Asten Specialty Orthopaedic Hospital,30,18298.0,May 2026.pdf,11
May 2026,Hospital,M/s. Atholi Co-operative Hospital,82,20202.0,May 2026.pdf,12
May 2026,Hospital,M/s. Aza Diagnostic Center,233,111979.0,May 2026.pdf,14
May 2026,Hospital,M/s. Baby Memorial Hospital,39,22785.0,May 2026.pdf,14
May 2026,Hospital,M/s. Badakara Co-Operative Hospital,85,55496.0,May 2026.pdf,15
May 2026,Hospital,"M/s. Bio Lab, Koduvally, Calicut",326,69428.0,May 2026.pdf,17
May 2026,Hospital,"M/s. BM Hospital, Pulikkal",62,23014.0,May 2026.pdf,17
May 2026,Hospital,M/s. C.M. Hospital,168,71520.0,May 2026.pdf,19
May 2026,Hospital,M/s. Calicut Center for Surgery,2,1540.0,May 2026.pdf,19
May 2026,Hospital,M/s. Calicut Hospital & Nursing Home,174,51377.0,May 2026.pdf,21
May 2026,Hospital,M/s. Chalapuram Saroj Lab,279,198048.0,May 2026.pdf,23
May 2026,Hospital,M/s. Chethana Laboratory Medicine,28,7793.0,May 2026.pdf,24
May 2026,Hospital,M/s. Comtrust Charitable Trust Eye Hospital,228,72613.0,May 2026.pdf,24
May 2026,Hospital,M/s. Comtrust Vision Center,3,489.0,May 2026.pdf,24
May 2026,Hospital,M/s. CPC Medical Laboratory,8,2415.0,May 2026.pdf,24
May 2026,Hospital,M/s. Cradle Calicut Maternity Care Pvt Ltd,17,13475.0,May 2026.pdf,24
May 2026,Hospital,M/s. Dependable Diagnostics,197,63288.0,May 2026.pdf,26
May 2026,Hospital,M/s. Diamond Healthcare Vadakara,46,18449.0,May 2026.pdf,27
May 2026,Hospital,M/s. DMS Hospital,242,106796.0,May 2026.pdf,28
May 2026,Hospital,M/s. Doctors United,246,46590.0,May 2026.pdf,30
May 2026,Hospital,"M/s. Dr. Manoj's ENT,Super Speciality & Research",764,133342.0,May 2026.pdf,31
May 2026,Hospital,M/s. EMS Memorial Co-Operative Hospital Perambra,160,72939.0,May 2026.pdf,32
May 2026,Hospital,"M/s. EMS Memorial Co-operative Hospital, Mukkam",45,26145.0,May 2026.pdf,32
May 2026,Hospital,"M/s. Fathima Hospital, Bank Road, Calicut",204,105274.0,May 2026.pdf,34
May 2026,Hospital,"M/s. Feroke Neethi Medical Centre, Kundayithodu",48,14340.0,May 2026.pdf,35
May 2026,Hospital,M/s. GMC Orthotrust Hospital,169,43737.0,May 2026.pdf,36
May 2026,Hospital,M/s. Indira Gandhi Co-Operative Hospital,21,15540.0,May 2026.pdf,36
May 2026,Hospital,M/s. Iqraa International Hospital&Research Centre,98,35426.0,May 2026.pdf,36
May 2026,Hospital,M/s. Ithis Hospital,23,12545.0,May 2026.pdf,37
May 2026,Hospital,M/s. JAIHIND LAB NADAPURAM,154,93374.0,May 2026.pdf,38
May 2026,Hospital,"M/s. JAIHIND LAB,KUTTIADI",28,7710.0,May 2026.pdf,39
May 2026,Hospital,M/s. Janatha Medical laboratory,494,238255.0,May 2026.pdf,41
May 2026,Hospital,M/s. Jas Health Care,79,31555.0,May 2026.pdf,42
May 2026,Hospital,M/s. Jeeva Speciality Laboratory,2,770.0,May 2026.pdf,42
May 2026,Hospital,M/s. Kalarikkal X-ray Laboratory & ECG,236,39817.0,May 2026.pdf,43
May 2026,Hospital,M/s. Karuna Laboratory Mullambath,24,2636.0,May 2026.pdf,43
May 2026,Hospital,"M/s. Karuna Poly Clinic, Kakattil",130,24010.0,May 2026.pdf,44
May 2026,Hospital,M/s. KIMS Trust Hospital,101,59337.0,May 2026.pdf,45
May 2026,Hospital,M/s. Kommeri Neethi Lab,256,48386.0,May 2026.pdf,47
May 2026,Hospital,M/s. Kootalida Neethi Medical Lab,244,45851.0,May 2026.pdf,48
May 2026,Hospital,M/s. Koyas Hospital,73,46249.0,May 2026.pdf,48
May 2026,Hospital,M/s. Kozhikode District Co-Operative Hospital Ltd,277,206683.0,May 2026.pdf,50
May 2026,Hospital,"M/s. Life Care Lab, Koottalida, Calicut",69,13305.0,May 2026.pdf,51
May 2026,Hospital,M/s. Life Care Neethi Lab Payyoli,3,2482.0,May 2026.pdf,51
May 2026,Hospital,M/s. M.B. Hospital Malappuram,127,83720.0,May 2026.pdf,52
May 2026,Hospital,M/s. M.K.Haji Orphanage Hospital,197,136831.0,May 2026.pdf,53
May 2026,Hospital,M/s. Mahe Neethi Lab & Diagnostic Centre,7,2870.0,May 2026.pdf,53
May 2026,Hospital,M/s. Malabar Hospitals,237,104460.0,May 2026.pdf,55
May 2026,Hospital,M/s. Mammi's Laboratory,40,23135.0,May 2026.pdf,55
May 2026,Hospital,M/s. MDC Laboratory,132,78486.0,May 2026.pdf,56
May 2026,Hospital,M/s. Medicheck Healthcare,145,25295.0,May 2026.pdf,57
May 2026,Hospital,M/s. MEDICHECK DIAGNOSTICS,125,22990.0,May 2026.pdf,58
May 2026,Hospital,M/s. Medico Balussery,401,79194.0,May 2026.pdf,60
May 2026,Hospital,M/s. Medlife Kakkur Neethi Medical Centre,56,7931.0,May 2026.pdf,60
May 2026,Hospital,M/s. Mercy Hospital,227,127484.0,May 2026.pdf,62
May 2026,Hospital,M/s. Metromed International Cardiac Centre PVT.LTD,48,26257.0,May 2026.pdf,63
May 2026,Hospital,"M/s. Micro Diagnostics, Balussery",167,39917.0,May 2026.pdf,64
May 2026,Hospital,M/s. Micro Health Laboratories,160,104234.0,May 2026.pdf,65
May 2026,Hospital,M/s. Mother Health Care,197,41012.0,May 2026.pdf,66
May 2026,Hospital,M/s. MVR Cancer Centre & Research Institute,162,67268.0,May 2026.pdf,67
May 2026,Hospital,"M/s. NAHAS HOSPITAL,PARAPPANANGADI",432,237600.0,May 2026.pdf,68
May 2026,Hospital,M/s. Nanma Computerized Specialty Lab,104,15612.0,May 2026.pdf,69
May 2026,Hospital,M/s. Nazia Hospital Chettippadi,41,12586.0,May 2026.pdf,69
May 2026,Hospital,M/s. Ncare IVF Calicut,79,29360.0,May 2026.pdf,70
May 2026,Hospital,M/s. Neethi Lab Kadalundi,147,31550.0,May 2026.pdf,71
May 2026,Hospital,M/s. Neethi Lab Kunnamangalam,542,135535.0,May 2026.pdf,73
May 2026,Hospital,M/s. Neethi Lab Pantheerankavu,161,11307.0,May 2026.pdf,74
May 2026,Hospital,"M/s. Neethi Laboratory, Balussery Mukku",179,27969.0,May 2026.pdf,75
May 2026,Hospital,M/s. Neethi Medical Laboratory Feroke,615,170236.0,May 2026.pdf,78
May 2026,Hospital,"M/s. Neethi Poly Clinic, Nanminda",335,46785.0,May 2026.pdf,79
May 2026,Hospital,M/s. Orchid Medicity,168,60512.0,May 2026.pdf,81
May 2026,Hospital,M/s. Parambil Bazar Neethi lab,61,15138.0,May 2026.pdf,82
May 2026,Hospital,M/s. PVS Sunrise Hospital Calicut,15,26110.0,May 2026.pdf,82
May 2026,Hospital,M/s. Red Crescent Hospital,301,133133.0,May 2026.pdf,83
May 2026,Hospital,"M/s. Royal Lab, Mukkam",361,82319.0,May 2026.pdf,85
May 2026,Hospital,M/s. S.B Medical Laboratory,47,30940.0,May 2026.pdf,85
May 2026,Hospital,"M/s. Sahakarana Neethi Lab, Koduvally",267,64732.0,May 2026.pdf,87
May 2026,Hospital,M/s. Sankar Clinic & Nursing Home,44,18823.0,May 2026.pdf,87
May 2026,Hospital,"M/s. SANTHI HOSPITAL, OMASSERY",119,60589.0,May 2026.pdf,88
May 2026,Hospital,M/s. Shade Medical Center,188,66925.0,May 2026.pdf,89
May 2026,Hospital,M/s. Smart Hospital & Research Centre,86,19167.0,May 2026.pdf,90
May 2026,Hospital,M/s. St. JOSEPH HOSPITAL,123,87668.0,May 2026.pdf,91
May 2026,Hospital,M/s. Starcare Hospital,271,144871.0,May 2026.pdf,92
May 2026,Hospital,M/s. State Bank of India,445,52550.0,May 2026.pdf,93
May 2026,Hospital,M/s. Sudharma Lab,1,420.0,May 2026.pdf,93
May 2026,Hospital,"M/s. T.M.H Hospital, Kottakadav",135,62370.0,May 2026.pdf,95
May 2026,Hospital,M/s. Vengeri Neethi Medical Lab,146,24944.0,May 2026.pdf,95
May 2026,Hospital,M/s. Your Center,83,26778.0,May 2026.pdf,97
May 2026,Hospital,Malabar Medical College Hospital & Research Center,194,161814.0,May 2026.pdf,99
May 2026,Hospital,TEST,1,50.0,May 2026.pdf,99
May 2026,Lab,DD,360,140020.0,May 2026 (Lab).pdf,3
May 2026,Lab,Dr. Das's Multispeciality Homoeopathy & Laboratory,19,4456.0,May 2026 (Lab).pdf,3
May 2026,Lab,Dr. Moosan Abdulla's MLH,12,8750.0,May 2026 (Lab).pdf,4
May 2026,Lab,Dr. Nisars GlobaI Scans & Diagnostic Centre,99,12986.0,May 2026 (Lab).pdf,4
May 2026,Lab,Health Packages,282,881280.0,May 2026 (Lab).pdf,5
May 2026,Lab,Jail Road South Residence Association,5,1280.0,May 2026 (Lab).pdf,5
May 2026,Lab,Lal Path Labs,147,417750.0,May 2026 (Lab).pdf,8
May 2026,Lab,M/s. Abdussalam Clinic,15,2494.0,May 2026 (Lab).pdf,8
May 2026,Lab,M/s. AKMM Hospital,30,4707.0,May 2026 (Lab).pdf,8
May 2026,Lab,M/s. Aluer Skin Clinic,1,700.0,May 2026 (Lab).pdf,8
May 2026,Lab,M/s. Apex Ortho Centre,167,46370.0,May 2026 (Lab).pdf,9
May 2026,Lab,M/s. Areekara Medical Laboratory,14,5709.0,May 2026 (Lab).pdf,9
May 2026,Lab,M/s. Aswani Lab,1,210.0,May 2026 (Lab).pdf,9
May 2026,Lab,M/s. Atera Aesthetics Kuttiadi,2,400.0,May 2026 (Lab).pdf,10
May 2026,Lab,M/s. Aysha Computerised Lab,122,15222.0,May 2026 (Lab).pdf,10
May 2026,Lab,M/s. Bewell Polyclinic,29,5023.0,May 2026 (Lab).pdf,11
May 2026,Lab,M/s. Bioline Laboratory,5,3360.0,May 2026 (Lab).pdf,11
May 2026,Lab,M/s. Bio-Medical Diagnostic Centre,3,3780.0,May 2026 (Lab).pdf,11
May 2026,Lab,M/s. Calicut Dr. Nisar's,23,21158.0,May 2026 (Lab).pdf,11
May 2026,Lab,M/s. Central Medical Lab & ECG,8,4795.0,May 2026 (Lab).pdf,12
May 2026,Lab,M/s. Central Medical Laboratory,1,100.0,May 2026 (Lab).pdf,12
May 2026,Lab,M/s. Delux Clinical Laboratory,40,10551.0,May 2026 (Lab).pdf,12
May 2026,Lab,M/s. Doctors Diagnostic and Research Centre,61,36080.0,May 2026 (Lab).pdf,14
May 2026,Lab,M/s. Doctors Lab Thamarasserry,4,1065.0,May 2026 (Lab).pdf,14
May 2026,Lab,"M/s. Doctors Lab, Payyoli",141,57748.0,May 2026 (Lab).pdf,15
May 2026,Lab,"M/s. Doctors Medical Lab, Perambra",9,936.0,May 2026 (Lab).pdf,16
May 2026,Lab,M/s. Doctors Neethi Lab,21,3534.0,May 2026 (Lab).pdf,16
May 2026,Lab,"M/s. Doctors Speciality Lab, Tirur",1,1855.0,May 2026 (Lab).pdf,16
May 2026,Lab,M/s. Doctors Speciality Medical Laboratory,16,8292.0,May 2026 (Lab).pdf,16
May 2026,Lab,M/s. Emergency Care Pulikkal,1,420.0,May 2026 (Lab).pdf,16
May 2026,Lab,M/s. Fast & Safe Home Care,29,3905.0,May 2026 (Lab).pdf,17
May 2026,Lab,M/s. Health Medic Laboratory Services,147,67236.0,May 2026 (Lab).pdf,18
May 2026,Lab,M/s. Jaihind Diagnostic Center,21,1200.0,May 2026 (Lab).pdf,18
May 2026,Lab,"M/s. Janatha Hospital, Vadakara",11,3720.0,May 2026 (Lab).pdf,18
May 2026,Lab,M/s. Jeevana Speciality Clinic,11,3180.0,May 2026 (Lab).pdf,18
May 2026,Lab,M/s. Kakkur Co-operative Clinic,19,2725.0,May 2026 (Lab).pdf,19
May 2026,Lab,"M/s. Kalarikkal Lab, Chungam",22,4639.0,May 2026 (Lab).pdf,19
May 2026,Lab,M/s. Karthika Clinical Laboratory,12,1125.0,May 2026 (Lab).pdf,19
May 2026,Lab,M/s. Karunya Health Care,63,48420.0,May 2026 (Lab).pdf,20
May 2026,Lab,M/s. Karunya Wellness Care PVT.LTD,12,14063.0,May 2026 (Lab).pdf,20
May 2026,Lab,M/s. Koduvally Medical Center,65,12457.0,May 2026 (Lab).pdf,21
May 2026,Lab,M/s. Koyilandy Co-operative Hospital,12,4440.0,May 2026 (Lab).pdf,21
May 2026,Lab,"M/s. Life Pulse Diagnosis, Kottakadav",38,7545.0,May 2026 (Lab).pdf,21
May 2026,Lab,M/s. Lifeline Laboratory,8,1520.0,May 2026 (Lab).pdf,22
May 2026,Lab,M/s. Malabar Medical Centre,237,49600.0,May 2026 (Lab).pdf,23
May 2026,Lab,M/s. Manapad Clinic,3,1360.0,May 2026 (Lab).pdf,23
May 2026,Lab,M/s. Mannur Baba Laboratory,85,14165.0,May 2026 (Lab).pdf,23
May 2026,Lab,M/s. Mayo Diagnostic Centre,2,700.0,May 2026 (Lab).pdf,23
May 2026,Lab,M/s. Medeor Medicals,8,4690.0,May 2026 (Lab).pdf,24
May 2026,Lab,M/s. Medicare Diagnostics,7,1106.0,May 2026 (Lab).pdf,24
May 2026,Lab,M/s. Medicare Tanur,1,560.0,May 2026 (Lab).pdf,24
May 2026,Lab,M/s. Medims Multi Speciality Clinic,39,10549.0,May 2026 (Lab).pdf,24
May 2026,Lab,M/s. Mercy Medical Laboratory,133,21799.0,May 2026 (Lab).pdf,25
May 2026,Lab,"M/s. Mithraa Health Laboratory, Chemmad",142,69571.0,May 2026 (Lab).pdf,27
May 2026,Lab,M/s. Momis Clinic,47,6867.0,May 2026 (Lab).pdf,27
May 2026,Lab,M/s. MR Clinic Lab,182,30438.0,May 2026 (Lab).pdf,28
May 2026,Lab,M/s. Mudra Yoga & Wellness Centre,13,3052.0,May 2026 (Lab).pdf,29
May 2026,Lab,M/s. National Lab & ECG,1,50.0,May 2026 (Lab).pdf,29
May 2026,Lab,M/s. Neethi lab Balussery,93,20933.0,May 2026 (Lab).pdf,30
May 2026,Lab,M/s. Neha Diagnostic Centre,2,3836.0,May 2026 (Lab).pdf,30
May 2026,Lab,M/s. Nice Laboratory,9,1610.0,May 2026 (Lab).pdf,30
May 2026,Lab,M/s. Noonus Healthcare,9,874.0,May 2026 (Lab).pdf,30
May 2026,Lab,M/s. Northern Gastro Centre,14,8260.0,May 2026 (Lab).pdf,30
May 2026,Lab,"M/s. Oryx Health Care, Kakkur",1,385.0,May 2026 (Lab).pdf,31
May 2026,Lab,M/s. Payyoli Lab,32,5399.0,May 2026 (Lab).pdf,31
May 2026,Lab,M/s. Poly Lab Vatakara,40,11516.0,May 2026 (Lab).pdf,32
May 2026,Lab,M/s. Pulikkal Neethi Lab,25,6445.0,May 2026 (Lab).pdf,32
May 2026,Lab,M/s. Rafa Mobile Nursing Care,29,8234.0,May 2026 (Lab).pdf,33
May 2026,Lab,M/s. RP Medhelix Diagnostics Pvt Ltd,13,5124.0,May 2026 (Lab).pdf,33
May 2026,Lab,M/s. S K Park Residence Association,17,4480.0,May 2026 (Lab).pdf,33
May 2026,Lab,M/s. Sar Health Care,12,4570.0,May 2026 (Lab).pdf,34
May 2026,Lab,M/s. Shana Speciality Laboratory,13,7280.0,May 2026 (Lab).pdf,34
May 2026,Lab,M/s. SL Diagnostic Centre,6,3577.0,May 2026 (Lab).pdf,34
May 2026,Lab,M/s. Spectra Medical Lab,12,4266.0,May 2026 (Lab).pdf,34
May 2026,Lab,"M/s. Star Health Care Clinic, Nanmanda",26,6746.0,May 2026 (Lab).pdf,35
May 2026,Lab,M/s. Surabhi Digital X-Ray & Lab,47,2700.0,May 2026 (Lab).pdf,35
May 2026,Lab,"M/s. Surabhi Laboratory, Balussery",26,3583.0,May 2026 (Lab).pdf,35
May 2026,Lab,M/s. Tely Medical Centre,2,1040.0,May 2026 (Lab).pdf,35
May 2026,Lab,M/s. Tree Clinic,45,10407.0,May 2026 (Lab).pdf,36
May 2026,Lab,M/s. Tree Health Centre,3,850.0,May 2026 (Lab).pdf,36
May 2026,Lab,M/s. Ultra Diagnostic Center & ECG,12,2150.0,May 2026 (Lab).pdf,36
May 2026,Lab,M/s. Viswas Diagnostic Surgical Polyclinic,23,2232.0,May 2026 (Lab).pdf,37
May 2026,Lab,M/s. We Care Polyclinic,30,6354.0,May 2026 (Lab).pdf,37
May 2026,Lab,M/s. Well Care Clinic,21,2765.0,May 2026 (Lab).pdf,37
May 2026,Lab,M/s. Wellness Mediclinic,2,100.0,May 2026 (Lab).pdf,37
May 2026,Lab,M/s. Yashwi Diagnostics,120,104780.0,May 2026 (Lab).pdf,39
May 2026,Lab,M/s. Yours Calicut Lab,1,420.0,May 2026 (Lab).pdf,39
May 2026,Lab,METROPOLIS,14,60160.0,May 2026 (Lab).pdf,40
May 2026,Lab,Parayancheri Residence Association Privilege Card,24,5880.0,May 2026 (Lab).pdf,40
May 2026,Lab,PRIVILEGE CUSTOMER,449,116352.0,May 2026 (Lab).pdf,43
May 2026,Lab,Puthiyara Ayalpakkavedhi Healthcamp,1,240.0,May 2026 (Lab).pdf,43
May 2026,Lab,Senior Citizen Forum,2,600.0,May 2026 (Lab).pdf,43
May 2026,Lab,Senior Citizen Welfare Association,6,522.0,May 2026 (Lab).pdf,43
June 2026,Hospital,Beypore Neethi Diagnostic Centre,95,6562.0,June 2026.pdf,1
June 2026,Hospital,DISTRICT TB CENTRE,22,3960.0,June 2026.pdf,1
June 2026,Hospital,Dr. Agarwals Eye Hospital,30,9834.0,June 2026.pdf,2
June 2026,Hospital,Dr. Balram Healthcare Private Limited,32,15190.0,June 2026.pdf,2
June 2026,Hospital,"Dr. Chandrakanth, Malabar Nethralaya",49,19025.0,June 2026.pdf,2
June 2026,Hospital,Dr. Shaji’s MRI & Medical Research Center,98,36738.0,June 2026.pdf,4
June 2026,Hospital,Dr. Shaji's Diagnostic Centre,139,51708.0,June 2026.pdf,5
June 2026,Hospital,Dr. Suresh's DiabCare India,56,24582.0,June 2026.pdf,6
June 2026,Hospital,Dr. Thaj Skin & Hair Clinic,15,8610.0,June 2026.pdf,6
June 2026,Hospital,M/s R-Cell Diagnostics & Research Centre Pvt Ltd,33,9184.0,June 2026.pdf,6
June 2026,Hospital,M/s. Access Labz,66,29865.0,June 2026.pdf,7
June 2026,Hospital,M/s. Almas Hospital Kottakkal,15,27650.0,June 2026.pdf,8
June 2026,Hospital,M/s. Amana Hospital Kuttiadi,85,26719.0,June 2026.pdf,8
June 2026,Hospital,M/s. APOLLO XRAY DIAGNOSTIC CENTRE KOYILANDY,188,83866.0,June 2026.pdf,10
June 2026,Hospital,M/s. Ariyallur Neethi Medicals,183,37892.0,June 2026.pdf,11
June 2026,Hospital,M/s. Ascent ENT Hospital & Medical Centre,24,14910.0,June 2026.pdf,11
June 2026,Hospital,"M/s. Ascent ENT Hospital, Perintalmanna",71,41972.0,June 2026.pdf,11
June 2026,Hospital,"M/s. ASCENT ENT HOSPITAL,KOZHIKODE",29,18760.0,June 2026.pdf,12
June 2026,Hospital,M/s. Asha Hospital,50,39138.0,June 2026.pdf,12
June 2026,Hospital,M/s. Asten Specialty Orthopaedic Hospital,30,16324.0,June 2026.pdf,13
June 2026,Hospital,M/s. Atholi Co-operative Hospital,53,9786.0,June 2026.pdf,14
June 2026,Hospital,M/s. Aza Diagnostic Center,250,128984.0,June 2026.pdf,15
June 2026,Hospital,M/s. Baby Memorial Hospital,25,34020.0,June 2026.pdf,15
June 2026,Hospital,M/s. Badakara Co-Operative Hospital,101,63844.0,June 2026.pdf,16
June 2026,Hospital,"M/s. Bio Lab, Koduvally, Calicut",383,94631.5,June 2026.pdf,18
June 2026,Hospital,"M/s. BM Hospital, Pulikkal",80,27780.0,June 2026.pdf,18
June 2026,Hospital,M/s. C.M. Hospital,178,77470.0,June 2026.pdf,20
June 2026,Hospital,M/s. Calicut Center for Surgery,3,3990.0,June 2026.pdf,20
June 2026,Hospital,M/s. Calicut Hospital & Nursing Home,268,70896.0,June 2026.pdf,22
June 2026,Hospital,M/s. Chalapuram Saroj Lab,390,250264.0,June 2026.pdf,25
June 2026,Hospital,M/s. Chethana Laboratory Medicine,19,5272.0,June 2026.pdf,26
June 2026,Hospital,M/s. Comtrust Charitable Trust Eye Hospital,254,81535.0,June 2026.pdf,26
June 2026,Hospital,M/s. Comtrust Vision Center,27,4401.0,June 2026.pdf,26
June 2026,Hospital,M/s. CPC Medical Laboratory,7,1960.0,June 2026.pdf,26
June 2026,Hospital,M/s. Cradle Calicut Maternity Care Pvt Ltd,12,11538.0,June 2026.pdf,27
June 2026,Hospital,M/s. Dependable Diagnostics,248,74152.0,June 2026.pdf,28
June 2026,Hospital,M/s. Diamond Healthcare Vadakara,136,53310.0,June 2026.pdf,30
June 2026,Hospital,M/s. DMS Hospital,229,112105.0,June 2026.pdf,31
June 2026,Hospital,M/s. Doctors United,263,43776.0,June 2026.pdf,32
June 2026,Hospital,"M/s. Dr. Manoj's ENT,Super Speciality & Research",773,140649.0,June 2026.pdf,34
June 2026,Hospital,M/s. EMS Memorial Co-Operative Hospital Perambra,171,90308.0,June 2026.pdf,35
June 2026,Hospital,"M/s. EMS Memorial Co-operative Hospital, Mukkam",35,23198.0,June 2026.pdf,35
June 2026,Hospital,"M/s. Fathima Hospital, Bank Road, Calicut",231,112883.0,June 2026.pdf,37
June 2026,Hospital,"M/s. Feroke Neethi Medical Centre, Kundayithodu",57,15256.0,June 2026.pdf,38
June 2026,Hospital,M/s. GMC Orthotrust Hospital,181,41197.0,June 2026.pdf,40
June 2026,Hospital,M/s. Indira Gandhi Co-Operative Hospital,37,24010.0,June 2026.pdf,40
June 2026,Hospital,M/s. Iqraa International Hospital&Research Centre,81,35901.0,June 2026.pdf,40
June 2026,Hospital,M/s. JAIHIND LAB NADAPURAM,192,93332.0,June 2026.pdf,42
June 2026,Hospital,"M/s. JAIHIND LAB,KUTTIADI",25,5450.0,June 2026.pdf,42
June 2026,Hospital,M/s. Janatha Medical laboratory,544,262247.0,June 2026.pdf,44
June 2026,Hospital,M/s. Jas Health Care,63,25315.0,June 2026.pdf,45
June 2026,Hospital,M/s. Jeeva Speciality Laboratory,4,1620.0,June 2026.pdf,45
June 2026,Hospital,M/s. Kalarikkal X-ray Laboratory & ECG,244,38720.0,June 2026.pdf,46
June 2026,Hospital,M/s. Karuna Laboratory Mullambath,15,1010.0,June 2026.pdf,46
June 2026,Hospital,"M/s. Karuna Poly Clinic, Kakattil",167,31472.0,June 2026.pdf,47
June 2026,Hospital,M/s. KIMS Trust Hospital,122,81300.0,June 2026.pdf,48
June 2026,Hospital,M/s. Kommeri Neethi Lab,421,80996.0,June 2026.pdf,50
June 2026,Hospital,M/s. Kootalida Neethi Medical Lab,327,59914.0,June 2026.pdf,52
June 2026,Hospital,M/s. Koyas Hospital,130,72722.0,June 2026.pdf,52
June 2026,Hospital,M/s. Kozhikode District Co-Operative Hospital Ltd,444,149600.0,June 2026.pdf,54
June 2026,Hospital,"M/s. Life Care Lab, Koottalida, Calicut",66,11095.0,June 2026.pdf,55
June 2026,Hospital,M/s. Life Care Neethi Lab Payyoli,3,840.0,June 2026.pdf,55
June 2026,Hospital,M/s. M.B. Hospital Malappuram,138,79293.0,June 2026.pdf,56
June 2026,Hospital,M/s. M.K.Haji Orphanage Hospital,115,77170.0,June 2026.pdf,57
June 2026,Hospital,M/s. Mahe Neethi Lab & Diagnostic Centre,12,6170.0,June 2026.pdf,57
June 2026,Hospital,M/s. Malabar Hospitals,281,133856.0,June 2026.pdf,58
June 2026,Hospital,M/s. Mammi's Laboratory,38,26299.0,June 2026.pdf,59
June 2026,Hospital,M/s. MDC Laboratory,118,73272.0,June 2026.pdf,60
June 2026,Hospital,M/s. Medicheck Healthcare,147,26730.0,June 2026.pdf,61
June 2026,Hospital,M/s. MEDICHECK DIAGNOSTICS,128,28434.0,June 2026.pdf,62
June 2026,Hospital,M/s. Medico Balussery,422,94727.0,June 2026.pdf,63
June 2026,Hospital,M/s. Medlife Kakkur Neethi Medical Centre,81,11150.0,June 2026.pdf,64
June 2026,Hospital,M/s. Mercy Hospital,255,145548.0,June 2026.pdf,66
June 2026,Hospital,M/s. Metromed International Cardiac Centre PVT.LTD,49,31561.0,June 2026.pdf,67
June 2026,Hospital,"M/s. Micro Diagnostics, Balussery",225,61268.0,June 2026.pdf,68
June 2026,Hospital,M/s. Micro Health Laboratories,295,204250.0,June 2026.pdf,70
June 2026,Hospital,M/s. Mother Health Care,216,40848.0,June 2026.pdf,71
June 2026,Hospital,M/s. MVR Cancer Centre & Research Institute,208,104388.0,June 2026.pdf,71
June 2026,Hospital,"M/s. NAHAS HOSPITAL,PARAPPANANGADI",373,238866.0,June 2026.pdf,73
June 2026,Hospital,M/s. Nanma Computerized Specialty Lab,100,16398.0,June 2026.pdf,74
June 2026,Hospital,M/s. Nazia Hospital Chettippadi,6,2697.0,June 2026.pdf,74
June 2026,Hospital,M/s. Ncare IVF Calicut,51,19950.0,June 2026.pdf,74
June 2026,Hospital,M/s. Neethi Lab Kadalundi,132,30396.0,June 2026.pdf,75
June 2026,Hospital,M/s. Neethi Lab Kunnamangalam,641,154811.0,June 2026.pdf,78
June 2026,Hospital,M/s. Neethi Lab Pantheerankavu,169,10762.0,June 2026.pdf,79
June 2026,Hospital,"M/s. Neethi Laboratory, Balussery Mukku",164,27508.0,June 2026.pdf,80
June 2026,Hospital,M/s. Neethi Medical Laboratory Feroke,801,251436.0,June 2026.pdf,83
June 2026,Hospital,"M/s. Neethi Poly Clinic, Nanminda",400,58359.0,June 2026.pdf,85
June 2026,Hospital,M/s. Orchid Medicity,248,71470.0,June 2026.pdf,87
June 2026,Hospital,M/s. Parambil Bazar Neethi lab,59,17755.0,June 2026.pdf,88
June 2026,Hospital,M/s. Parco Institute Medical Sciences,1,896.0,June 2026.pdf,88
June 2026,Hospital,M/s. Red Crescent Hospital,371,144526.0,June 2026.pdf,89
June 2026,Hospital,"M/s. Royal Lab, Mukkam",427,96972.0,June 2026.pdf,91
June 2026,Hospital,M/s. S.B Medical Laboratory,53,36365.0,June 2026.pdf,91
June 2026,Hospital,"M/s. Sahakarana Neethi Lab, Koduvally",324,63147.0,June 2026.pdf,92
June 2026,Hospital,M/s. Sankar Clinic & Nursing Home,15,5971.0,June 2026.pdf,92
June 2026,Hospital,"M/s. SANTHI HOSPITAL, OMASSERY",124,54729.0,June 2026.pdf,94
June 2026,Hospital,M/s. Shade Medical Center,317,99712.0,June 2026.pdf,95
June 2026,Hospital,M/s. Smart Hospital & Research Centre,85,17626.0,June 2026.pdf,95
June 2026,Hospital,M/s. St. JOSEPH HOSPITAL,107,66274.0,June 2026.pdf,96
June 2026,Hospital,M/s. Starcare Hospital,261,147166.0,June 2026.pdf,98
June 2026,Hospital,M/s. State Bank of India,517,67190.0,June 2026.pdf,99
June 2026,Hospital,M/s. Sudharma Lab,1,420.0,June 2026.pdf,99
June 2026,Hospital,"M/s. T.M.H Hospital, Kottakadav",167,84525.0,June 2026.pdf,100
June 2026,Hospital,M/s. Ultra Diagnostic Center & ECG,24,7693.0,June 2026.pdf,101
June 2026,Hospital,M/s. Vengeri Neethi Medical Lab,382,74223.0,June 2026.pdf,102
June 2026,Hospital,M/s. Your Center,69,20692.0,June 2026.pdf,103
June 2026,Hospital,M/s.Premium Medical & Health Care Providers PvtLtd,3,3633.0,June 2026.pdf,103
June 2026,Hospital,Malabar Medical College Hospital & Research Center,208,148459.0,June 2026.pdf,105
June 2026,Lab,Aswini Free Camp,574,47158.0,June 2026 (Lab).pdf,1
June 2026,Lab,DD,336,138330.0,June 2026 (Lab).pdf,3
June 2026,Lab,Dr. Das's Multispeciality Homoeopathy & Laboratory,25,7968.0,June 2026 (Lab).pdf,4
June 2026,Lab,Dr. Moosan Abdulla's MLH,15,10430.0,June 2026 (Lab).pdf,4
June 2026,Lab,Dr. Nisars GlobaI Scans & Diagnostic Centre,104,29252.0,June 2026 (Lab).pdf,5
June 2026,Lab,Dr. Riyas Ali's ENT Centre,4,2030.0,June 2026 (Lab).pdf,5
June 2026,Lab,Health Camp -Lakeshore Hospital,13,890.0,June 2026 (Lab).pdf,5
June 2026,Lab,Health Packages,368,1148230.0,June 2026 (Lab).pdf,7
June 2026,Lab,Jail Road South Residence Association,3,696.0,June 2026 (Lab).pdf,7
June 2026,Lab,Lal Path Labs,126,305620.0,June 2026 (Lab).pdf,9
June 2026,Lab,M/s. Abdussalam Clinic,26,6710.0,June 2026 (Lab).pdf,9
June 2026,Lab,M/s. AKMM Hospital,41,12153.0,June 2026 (Lab).pdf,10
June 2026,Lab,M/s. Apex Ortho Centre,207,58150.0,June 2026 (Lab).pdf,10
June 2026,Lab,M/s. Areekara Medical Laboratory,34,11943.0,June 2026 (Lab).pdf,11
June 2026,Lab,M/s. Asha Neethi Lab,6,11130.0,June 2026 (Lab).pdf,11
June 2026,Lab,M/s. Aswani Lab,5,890.0,June 2026 (Lab).pdf,11
June 2026,Lab,M/s. Aysha Computerised Lab,125,17624.0,June 2026 (Lab).pdf,12
June 2026,Lab,M/s. Bewell Polyclinic,43,7162.0,June 2026 (Lab).pdf,12
June 2026,Lab,M/s. Bioline Laboratory,3,1680.0,June 2026 (Lab).pdf,12
June 2026,Lab,M/s. Bio-Medical Diagnostic Centre,2,2520.0,June 2026 (Lab).pdf,13
June 2026,Lab,M/s. Calicut Dr. Nisar's,63,56616.0,June 2026 (Lab).pdf,13
June 2026,Lab,M/s. Care & Cure,2,1050.0,June 2026 (Lab).pdf,13
June 2026,Lab,M/s. Central Medical Lab & ECG,2,150.0,June 2026 (Lab).pdf,13
June 2026,Lab,M/s. Central Medical Laboratory,3,865.0,June 2026 (Lab).pdf,14
June 2026,Lab,M/s. Chemban Medical Centre,2,700.0,June 2026 (Lab).pdf,14
June 2026,Lab,M/s. Deeja Hospital,12,3780.0,June 2026 (Lab).pdf,14
June 2026,Lab,M/s. Delux Clinical Laboratory,36,9622.0,June 2026 (Lab).pdf,14
June 2026,Lab,M/s. DM Hayat Super Speciality Clinic,3,1100.0,June 2026 (Lab).pdf,15
June 2026,Lab,M/s. Doctors Diagnostic and Research Centre,50,25437.0,June 2026 (Lab).pdf,16
June 2026,Lab,M/s. Doctors Lab Thamarasserry,10,3712.0,June 2026 (Lab).pdf,16
June 2026,Lab,"M/s. Doctors Lab, Payyoli",157,63916.0,June 2026 (Lab).pdf,18
June 2026,Lab,"M/s. Doctors Medical Lab, Perambra",11,1020.0,June 2026 (Lab).pdf,18
June 2026,Lab,M/s. Doctors Neethi Lab,36,6335.0,June 2026 (Lab).pdf,18
June 2026,Lab,M/s. Doctors Speciality Medical Laboratory,79,34881.5,June 2026 (Lab).pdf,19
June 2026,Lab,M/s. Family Healthcare Clinic,1,420.0,June 2026 (Lab).pdf,19
June 2026,Lab,M/s. Fast & Safe Home Care,48,9365.0,June 2026 (Lab).pdf,20
June 2026,Lab,M/s. Health Medic Laboratory Services,197,87230.0,June 2026 (Lab).pdf,21
June 2026,Lab,M/s. Health Vision Laboratory,11,2750.0,June 2026 (Lab).pdf,21
June 2026,Lab,M/s. Jaihind Diagnostic Center,22,1250.0,June 2026 (Lab).pdf,21
June 2026,Lab,"M/s. Janatha Hospital, Vadakara",10,2870.0,June 2026 (Lab).pdf,21
June 2026,Lab,M/s. Jeevana Speciality Clinic,9,3928.0,June 2026 (Lab).pdf,22
June 2026,Lab,M/s. Kakkur Co-operative Clinic,12,845.0,June 2026 (Lab).pdf,22
June 2026,Lab,"M/s. Kalarikkal Lab, Chungam",56,8722.0,June 2026 (Lab).pdf,22
June 2026,Lab,M/s. Karthika Clinical Laboratory,16,904.0,June 2026 (Lab).pdf,23
June 2026,Lab,M/s. Karunya Health Care,75,48818.0,June 2026 (Lab).pdf,24
June 2026,Lab,M/s. Karunya Wellness Care PVT.LTD,18,33712.0,June 2026 (Lab).pdf,24
June 2026,Lab,M/s. Koduvally Medical Center,86,16129.0,June 2026 (Lab).pdf,25
June 2026,Lab,M/s. Koyilandy Co-operative Hospital,4,1522.0,June 2026 (Lab).pdf,25
June 2026,Lab,M/s. Kumar's Lab,20,2110.0,June 2026 (Lab).pdf,25
June 2026,Lab,M/s. Life Medical Center,19,6119.0,June 2026 (Lab).pdf,26
June 2026,Lab,"M/s. Life Pulse Diagnosis, Kottakadav",18,2041.0,June 2026 (Lab).pdf,26
June 2026,Lab,M/s. Lifeline Laboratory,2,1225.0,June 2026 (Lab).pdf,26
June 2026,Lab,M/s. Malabar Medical Centre,236,47787.0,June 2026 (Lab).pdf,27
June 2026,Lab,M/s. Manapad Clinic,1,400.0,June 2026 (Lab).pdf,27
June 2026,Lab,M/s. Mannur Baba Laboratory,105,17383.0,June 2026 (Lab).pdf,28
June 2026,Lab,M/s. Mayo Diagnostic Centre,4,1135.0,June 2026 (Lab).pdf,28
June 2026,Lab,M/s. Medeor Medicals,2,1120.0,June 2026 (Lab).pdf,28
June 2026,Lab,M/s. Medicare Diagnostics,10,2786.0,June 2026 (Lab).pdf,28
June 2026,Lab,M/s. Medicare Tanur,2,1120.0,June 2026 (Lab).pdf,28
June 2026,Lab,M/s. Medims Multi Speciality Clinic,56,21287.0,June 2026 (Lab).pdf,29
June 2026,Lab,M/s. Mercy Medical Laboratory,102,17970.0,June 2026 (Lab).pdf,30
June 2026,Lab,"M/s. Mithraa Health Laboratory, Chemmad",175,85531.0,June 2026 (Lab).pdf,31
June 2026,Lab,M/s. Momis Clinic,79,15064.0,June 2026 (Lab).pdf,32
June 2026,Lab,"M/s. MPC Hospital, Koduvally",2,204.0,June 2026 (Lab).pdf,32
June 2026,Lab,M/s. MR Clinic Lab,191,32962.0,June 2026 (Lab).pdf,34
June 2026,Lab,M/s. National Lab & ECG,12,9154.0,June 2026 (Lab).pdf,34
June 2026,Lab,M/s. Neethi lab Balussery,111,18915.0,June 2026 (Lab).pdf,35
June 2026,Lab,"M/s. Neethi Lab Diagnostic Center, Vadakara",1,350.0,June 2026 (Lab).pdf,35
June 2026,Lab,M/s. Neha Diagnostic Centre,1,420.0,June 2026 (Lab).pdf,35
June 2026,Lab,M/s. Nice Laboratory,7,910.0,June 2026 (Lab).pdf,35
June 2026,Lab,M/s. Noonus Healthcare,3,254.0,June 2026 (Lab).pdf,35
June 2026,Lab,M/s. Northern Gastro Centre,19,11060.0,June 2026 (Lab).pdf,36
June 2026,Lab,M/s. Payyoli Lab,52,7074.0,June 2026 (Lab).pdf,36
June 2026,Lab,M/s. Poly Lab Vatakara,26,9771.0,June 2026 (Lab).pdf,37
June 2026,Lab,M/s. Popular Diagnostics,1,1750.0,June 2026 (Lab).pdf,37
June 2026,Lab,M/s. Pulikkal Neethi Lab,8,1665.0,June 2026 (Lab).pdf,37
June 2026,Lab,M/s. Rafa Mobile Nursing Care,26,4078.0,June 2026 (Lab).pdf,38
June 2026,Lab,M/s. RP Medhelix Diagnostics Pvt Ltd,7,2870.0,June 2026 (Lab).pdf,38
June 2026,Lab,M/s. S K Park Residence Association,47,11806.0,June 2026 (Lab).pdf,39
June 2026,Lab,M/s. Shana Speciality Laboratory,6,3360.0,June 2026 (Lab).pdf,39
June 2026,Lab,M/s. Skin Hair Laser Clinic,5,3970.0,June 2026 (Lab).pdf,39
June 2026,Lab,M/s. SL Diagnostic Centre,4,820.0,June 2026 (Lab).pdf,39
June 2026,Lab,M/s. Spectra Medical Lab,12,2695.0,June 2026 (Lab).pdf,39
June 2026,Lab,"M/s. Star Health Care Clinic, Nanmanda",28,7670.0,June 2026 (Lab).pdf,40
June 2026,Lab,M/s. Surabhi Digital X-Ray & Lab,42,2450.0,June 2026 (Lab).pdf,40
June 2026,Lab,"M/s. Surabhi Laboratory, Balussery",29,2100.0,June 2026 (Lab).pdf,40
June 2026,Lab,M/s. Tely Medical Centre,6,3840.0,June 2026 (Lab).pdf,40
June 2026,Lab,M/s. Thalayad Medical Laboratory,2,320.0,June 2026 (Lab).pdf,41
June 2026,Lab,M/s. Tree Clinic,60,15897.0,June 2026 (Lab).pdf,41
June 2026,Lab,"M/s. TTD Karunya Lab, Vadakara",1,3500.0,June 2026 (Lab).pdf,41
June 2026,Lab,M/s. Ultra Diagnostic Center & ECG,2,350.0,June 2026 (Lab).pdf,41
June 2026,Lab,M/s. V Trust Healthcare,1,350.0,June 2026 (Lab).pdf,41
June 2026,Lab,M/s. Viswas Diagnostic Surgical Polyclinic,19,1760.0,June 2026 (Lab).pdf,42
June 2026,Lab,M/s. We Care Polyclinic,36,6668.0,June 2026 (Lab).pdf,42
June 2026,Lab,M/s. Well Care Clinic,9,708.0,June 2026 (Lab).pdf,43
June 2026,Lab,M/s. Wellness Mediclinic,5,1375.0,June 2026 (Lab).pdf,43
June 2026,Lab,M/s. Yashwi Diagnostics,260,238405.0,June 2026 (Lab).pdf,45
June 2026,Lab,M/s. Yours Calicut Lab,1,420.0,June 2026 (Lab).pdf,45
June 2026,Lab,M/s.Nazah medical centre,1,350.0,June 2026 (Lab).pdf,45
June 2026,Lab,METROPOLIS,25,91775.0,June 2026 (Lab).pdf,46
June 2026,Lab,Parayancheri Residence Association Privilege Card,21,7152.0,June 2026 (Lab).pdf,46
June 2026,Lab,PRIVILEGE CUSTOMER,395,96420.0,June 2026 (Lab).pdf,49
June 2026,Lab,Puthiyara Ayalpakkavedhi Healthcamp,21,3992.0,June 2026 (Lab).pdf,49
June 2026,Lab,Senior Citizen Welfare Association,10,2025.0,June 2026 (Lab).pdf,50
July 2026,Hospital,Beypore Neethi Diagnostic Centre,86,6706.0,July 2026.pdf,1
July 2026,Hospital,DISTRICT TB CENTRE,30,5400.0,July 2026.pdf,1
July 2026,Hospital,Dr. Agarwals Eye Hospital,55,22701.0,July 2026.pdf,2
July 2026,Hospital,Dr. Balram Healthcare Private Limited,38,19460.0,July 2026.pdf,2
July 2026,Hospital,"Dr. Chandrakanth, Malabar Nethralaya",38,9952.0,July 2026.pdf,3
July 2026,Hospital,Dr. Shaji’s MRI & Medical Research Center,109,39219.0,July 2026.pdf,4
July 2026,Hospital,Dr. Shaji's Diagnostic Centre,121,46998.0,July 2026.pdf,5
July 2026,Hospital,Dr. Suresh's DiabCare India,82,32521.0,July 2026.pdf,6
July 2026,Hospital,Dr. Thaj Skin & Hair Clinic,32,18550.0,July 2026.pdf,6
July 2026,Hospital,M/s R-Cell Diagnostics & Research Centre Pvt Ltd,30,9996.0,July 2026.pdf,7
July 2026,Hospital,M/s. Access Labz,70,15979.0,July 2026.pdf,8
July 2026,Hospital,M/s. Almas Hospital Kottakkal,17,33740.0,July 2026.pdf,8
July 2026,Hospital,M/s. Amana Hospital Kuttiadi,78,29801.0,July 2026.pdf,8
July 2026,Hospital,M/s. APOLLO XRAY DIAGNOSTIC CENTRE KOYILANDY,174,80024.0,July 2026.pdf,10
July 2026,Hospital,M/s. Ariyallur Neethi Medicals,175,34121.0,July 2026.pdf,11
July 2026,Hospital,M/s. Ascent ENT Hospital & Medical Centre,42,26880.0,July 2026.pdf,11
July 2026,Hospital,"M/s. Ascent ENT Hospital, Perintalmanna",78,45780.0,July 2026.pdf,11
July 2026,Hospital,"M/s. ASCENT ENT HOSPITAL,KOZHIKODE",19,11270.0,July 2026.pdf,11
July 2026,Hospital,M/s. Asha Hospital,47,25830.0,July 2026.pdf,12
July 2026,Hospital,M/s. Asten Specialty Orthopaedic Hospital,40,18333.0,July 2026.pdf,13
July 2026,Hospital,M/s. Atholi Co-operative Hospital,46,11438.0,July 2026.pdf,13
July 2026,Hospital,M/s. Aza Diagnostic Center,261,131391.0,July 2026.pdf,15
July 2026,Hospital,M/s. Baby Memorial Hospital,100,71855.0,July 2026.pdf,15
July 2026,Hospital,M/s. Badakara Co-Operative Hospital,109,57731.0,July 2026.pdf,16
July 2026,Hospital,"M/s. Bio Lab, Koduvally, Calicut",422,91014.0,July 2026.pdf,17
July 2026,Hospital,"M/s. BM Hospital, Pulikkal",71,26365.0,July 2026.pdf,18
July 2026,Hospital,M/s. C.M. Hospital,177,98806.0,July 2026.pdf,20
July 2026,Hospital,M/s. Calicut Center for Surgery,2,1890.0,July 2026.pdf,20
July 2026,Hospital,M/s. Calicut Hospital & Nursing Home,331,107845.0,July 2026.pdf,22
July 2026,Hospital,M/s. Chalapuram Saroj Lab,445,269276.0,July 2026.pdf,25
July 2026,Hospital,M/s. Chethana Laboratory Medicine,26,5876.0,July 2026.pdf,25
July 2026,Hospital,M/s. Comtrust Charitable Trust Eye Hospital,305,99253.0,July 2026.pdf,26
July 2026,Hospital,M/s. Comtrust Vision Center,33,5379.0,July 2026.pdf,26
July 2026,Hospital,M/s. CPC Medical Laboratory,10,2870.0,July 2026.pdf,26
July 2026,Hospital,M/s. Cradle Calicut Maternity Care Pvt Ltd,12,10759.0,July 2026.pdf,26
July 2026,Hospital,M/s. Dependable Diagnostics,195,60690.0,July 2026.pdf,28
July 2026,Hospital,M/s. Diamond Healthcare Vadakara,85,43465.0,July 2026.pdf,29
July 2026,Hospital,M/s. DMS Hospital,254,126068.0,July 2026.pdf,30
July 2026,Hospital,M/s. Doctors United,340,65164.0,July 2026.pdf,32
July 2026,Hospital,"M/s. Dr. Manoj's ENT,Super Speciality & Research",762,131197.0,July 2026.pdf,33
July 2026,Hospital,M/s. EMS Memorial Co-Operative Hospital Perambra,181,97625.0,July 2026.pdf,34
July 2026,Hospital,"M/s. EMS Memorial Co-operative Hospital, Mukkam",41,27260.0,July 2026.pdf,34
July 2026,Hospital,"M/s. Fathima Hospital, Bank Road, Calicut",260,146479.0,July 2026.pdf,37
July 2026,Hospital,"M/s. Feroke Neethi Medical Centre, Kundayithodu",76,25329.0,July 2026.pdf,38
July 2026,Hospital,M/s. GMC Orthotrust Hospital,165,38238.0,July 2026.pdf,39
July 2026,Hospital,M/s. Indira Gandhi Co-Operative Hospital,29,17150.0,July 2026.pdf,39
July 2026,Hospital,M/s. Iqraa International Hospital&Research Centre,103,56676.0,July 2026.pdf,39
July 2026,Hospital,M/s. JAIHIND LAB NADAPURAM,197,116784.0,July 2026.pdf,41
July 2026,Hospital,"M/s. JAIHIND LAB,KUTTIADI",57,18002.0,July 2026.pdf,42
July 2026,Hospital,M/s. Janatha Medical laboratory,530,254082.0,July 2026.pdf,44
July 2026,Hospital,M/s. Jas Health Care,94,33797.0,July 2026.pdf,45
July 2026,Hospital,M/s. Jeeva Speciality Laboratory,4,1078.0,July 2026.pdf,45
July 2026,Hospital,M/s. Kalarikkal X-ray Laboratory & ECG,273,56002.0,July 2026.pdf,47
July 2026,Hospital,M/s. Karuna Laboratory Mullambath,7,1360.0,July 2026.pdf,47
July 2026,Hospital,"M/s. Karuna Poly Clinic, Kakattil",197,34795.0,July 2026.pdf,48
July 2026,Hospital,M/s. KIMS Trust Hospital,140,92436.0,July 2026.pdf,50
July 2026,Hospital,M/s. Kommeri Neethi Lab,416,77382.0,July 2026.pdf,52
July 2026,Hospital,M/s. Kootalida Neethi Medical Lab,314,62489.0,July 2026.pdf,53
July 2026,Hospital,M/s. Koyas Hospital,88,61551.0,July 2026.pdf,53
July 2026,Hospital,M/s. Kozhikode District Co-Operative Hospital Ltd,264,139916.0,July 2026.pdf,55
July 2026,Hospital,"M/s. Life Care Lab, Koottalida, Calicut",97,20109.0,July 2026.pdf,56
July 2026,Hospital,M/s. Life Care Neethi Lab Payyoli,2,1870.0,July 2026.pdf,56
July 2026,Hospital,M/s. M.B. Hospital Malappuram,143,82416.0,July 2026.pdf,57
July 2026,Hospital,M/s. M.K.Haji Orphanage Hospital,22,21179.0,July 2026.pdf,58
July 2026,Hospital,M/s. Mahe Neethi Lab & Diagnostic Centre,23,10550.0,July 2026.pdf,58
July 2026,Hospital,M/s. Malabar Hospitals,283,134910.0,July 2026.pdf,60
July 2026,Hospital,M/s. Mammi's Laboratory,34,21581.0,July 2026.pdf,60
July 2026,Hospital,M/s. MDC Laboratory,115,80326.0,July 2026.pdf,61
July 2026,Hospital,M/s. Medicheck Healthcare,129,27831.0,July 2026.pdf,62
July 2026,Hospital,M/s. MEDICHECK DIAGNOSTICS,148,33652.0,July 2026.pdf,63
July 2026,Hospital,M/s. Medico Balussery,517,118376.0,July 2026.pdf,65
July 2026,Hospital,M/s. Medlife Kakkur Neethi Medical Centre,64,7623.0,July 2026.pdf,66
July 2026,Hospital,M/s. Mercy Hospital,244,141384.0,July 2026.pdf,67
July 2026,Hospital,M/s. Metromed International Cardiac Centre PVT.LTD,63,27826.0,July 2026.pdf,68
July 2026,Hospital,"M/s. Micro Diagnostics, Balussery",190,49081.0,July 2026.pdf,70
July 2026,Hospital,M/s. Micro Health Laboratories,235,133708.0,July 2026.pdf,71
July 2026,Hospital,M/s. Mother Health Care,161,38597.0,July 2026.pdf,72
July 2026,Hospital,M/s. MVR Cancer Centre & Research Institute,193,62378.0,July 2026.pdf,73
July 2026,Hospital,"M/s. NAHAS HOSPITAL,PARAPPANANGADI",408,234918.0,July 2026.pdf,74
July 2026,Hospital,M/s. Nanma Computerized Specialty Lab,117,17828.0,July 2026.pdf,75
July 2026,Hospital,M/s. Nazia Hospital Chettippadi,15,3906.0,July 2026.pdf,75
July 2026,Hospital,M/s. Ncare IVF Calicut,45,19740.0,July 2026.pdf,76
July 2026,Hospital,M/s. Neethi Lab Kadalundi,189,44677.0,July 2026.pdf,77
July 2026,Hospital,M/s. Neethi Lab Kunnamangalam,750,202788.0,July 2026.pdf,80
July 2026,Hospital,M/s. Neethi Lab Pantheerankavu,207,13485.0,July 2026.pdf,80
July 2026,Hospital,"M/s. Neethi Laboratory, Balussery Mukku",199,32611.0,July 2026.pdf,81
July 2026,Hospital,M/s. Neethi Medical Laboratory Feroke,826,245367.0,July 2026.pdf,85
July 2026,Hospital,"M/s. Neethi Poly Clinic, Nanminda",438,62794.0,July 2026.pdf,86
July 2026,Hospital,M/s. Orchid Medicity,194,64512.0,July 2026.pdf,87
July 2026,Hospital,M/s. Parambil Bazar Neethi lab,57,14769.0,July 2026.pdf,88
July 2026,Hospital,M/s. Parco Institute Medical Sciences,1,350.0,July 2026.pdf,88
July 2026,Hospital,M/s. PVS Sunrise Hospital Calicut,2,3290.0,July 2026.pdf,89
July 2026,Hospital,M/s. Red Crescent Hospital,293,140472.0,July 2026.pdf,90
July 2026,Hospital,"M/s. Royal Lab, Mukkam",427,98043.0,July 2026.pdf,91
July 2026,Hospital,M/s. S.B Medical Laboratory,77,46200.0,July 2026.pdf,92
July 2026,Hospital,"M/s. Sahakarana Neethi Lab, Koduvally",346,75765.0,July 2026.pdf,94
July 2026,Hospital,M/s. Sankar Clinic & Nursing Home,70,30957.0,July 2026.pdf,94
July 2026,Hospital,"M/s. SANTHI HOSPITAL, OMASSERY",129,55809.0,July 2026.pdf,95
July 2026,Hospital,M/s. Shade Medical Center,242,95475.0,July 2026.pdf,97
July 2026,Hospital,M/s. Smart Hospital & Research Centre,94,19621.0,July 2026.pdf,97
July 2026,Hospital,M/s. St. JOSEPH HOSPITAL,109,69840.0,July 2026.pdf,98
July 2026,Hospital,M/s. Starcare Hospital,339,166991.0,July 2026.pdf,100
July 2026,Hospital,M/s. State Bank of India,384,48600.0,July 2026.pdf,101
July 2026,Hospital,"M/s. T.M.H Hospital, Kottakadav",251,117144.0,July 2026.pdf,103
July 2026,Hospital,M/s. Ultra Diagnostic Center & ECG,9,2565.0,July 2026.pdf,103
July 2026,Hospital,M/s. Vengeri Neethi Medical Lab,419,80035.0,July 2026.pdf,105
July 2026,Hospital,M/s. Your Center,102,38954.0,July 2026.pdf,107
July 2026,Hospital,M/s.Premium Medical & Health Care Providers PvtLtd,2,4760.0,July 2026.pdf,107
July 2026,Hospital,Malabar Medical College Hospital & Research Center,192,137847.0,July 2026.pdf,109
July 2026,Lab,DD,287,117160.0,July 2026 (Lab).pdf,3
July 2026,Lab,Doctors Day Health Checkup 2026,278,70780.0,July 2026 (Lab).pdf,4
July 2026,Lab,Dr Buddies Health Hub,3,2100.0,July 2026 (Lab).pdf,4
July 2026,Lab,Dr. Das's Multispeciality Homoeopathy & Laboratory,19,6116.0,July 2026 (Lab).pdf,4
July 2026,Lab,Dr. Moosan Abdulla's MLH,19,13160.0,July 2026 (Lab).pdf,4
July 2026,Lab,Dr. Nisars GlobaI Scans & Diagnostic Centre,126,26542.0,July 2026 (Lab).pdf,5
July 2026,Lab,Dr. Riyas Ali's ENT Centre,2,700.0,July 2026 (Lab).pdf,5
July 2026,Lab,Health Checkup- Kannancheri Mahaganapathy Temple,170,11900.0,July 2026 (Lab).pdf,5
July 2026,Lab,Health Packages,447,1327280.0,July 2026 (Lab).pdf,7
July 2026,Lab,Jail Road South Residence Association,13,2824.0,July 2026 (Lab).pdf,7
July 2026,Lab,Lal Path Labs,165,430270.0,July 2026 (Lab).pdf,9
July 2026,Lab,M/s. Abdussalam Clinic,24,5715.0,July 2026 (Lab).pdf,10
July 2026,Lab,M/s. AKMM Hospital,62,15170.0,July 2026 (Lab).pdf,10
July 2026,Lab,M/s. Aluer Skin Clinic,3,1890.0,July 2026 (Lab).pdf,10
July 2026,Lab,M/s. Apex Ortho Centre,213,64200.0,July 2026 (Lab).pdf,11
July 2026,Lab,"M/s. Appolo Lab, Mukkali",1,560.0,July 2026 (Lab).pdf,11
July 2026,Lab,M/s. Areekara Medical Laboratory,12,5131.0,July 2026 (Lab).pdf,12
July 2026,Lab,M/s. Aswani Lab,5,410.0,July 2026 (Lab).pdf,12
July 2026,Lab,M/s. Atera Aesthetics Kuttiadi,1,350.0,July 2026 (Lab).pdf,12
July 2026,Lab,M/s. Aysha Computerised Lab,150,24379.0,July 2026 (Lab).pdf,13
July 2026,Lab,M/s. Bewell Polyclinic,65,10471.0,July 2026 (Lab).pdf,13
July 2026,Lab,M/s. Bio Lab MVR Laboratories & Genomic Centre,1,315.0,July 2026 (Lab).pdf,13
July 2026,Lab,M/s. Bioline Laboratory,5,2870.0,July 2026 (Lab).pdf,14
July 2026,Lab,M/s. Bio-Medical Diagnostic Centre,2,2520.0,July 2026 (Lab).pdf,14
July 2026,Lab,M/s. Calicut Dr. Nisar's,34,38614.0,July 2026 (Lab).pdf,14
July 2026,Lab,M/s. Central Medical Lab & ECG,22,6025.0,July 2026 (Lab).pdf,15
July 2026,Lab,M/s. Central Medical Laboratory,5,1000.0,July 2026 (Lab).pdf,15
July 2026,Lab,M/s. Chemban Medical Centre,1,350.0,July 2026 (Lab).pdf,15
July 2026,Lab,M/s. Deeja Hospital,22,6202.0,July 2026 (Lab).pdf,15
July 2026,Lab,M/s. Delux Clinical Laboratory,30,7975.0,July 2026 (Lab).pdf,16
July 2026,Lab,M/s. DM Hayat Super Speciality Clinic,9,12845.0,July 2026 (Lab).pdf,16
July 2026,Lab,M/s. Doctors Diagnostic and Research Centre,44,20737.0,July 2026 (Lab).pdf,17
July 2026,Lab,M/s. Doctors Lab Thamarasserry,5,2107.0,July 2026 (Lab).pdf,17
July 2026,Lab,"M/s. Doctors Lab, Payyoli",193,88441.0,July 2026 (Lab).pdf,19
July 2026,Lab,M/s. Doctors Neethi Lab,31,6104.0,July 2026 (Lab).pdf,20
July 2026,Lab,M/s. Doctors Speciality Medical Laboratory,135,57691.0,July 2026 (Lab).pdf,20
July 2026,Lab,M/s. Emergency Care Pulikkal,1,1211.0,July 2026 (Lab).pdf,21
July 2026,Lab,M/s. Family Healthcare Clinic,5,900.0,July 2026 (Lab).pdf,21
July 2026,Lab,M/s. Fast & Safe Home Care,26,8322.0,July 2026 (Lab).pdf,21
July 2026,Lab,M/s. Health Medic Laboratory Services,186,99218.0,July 2026 (Lab).pdf,22
July 2026,Lab,M/s. Health Vision Laboratory,7,1760.0,July 2026 (Lab).pdf,23
July 2026,Lab,M/s. Jaihind Diagnostic Center,26,1841.0,July 2026 (Lab).pdf,23
July 2026,Lab,"M/s. Janatha Hospital, Vadakara",17,5215.0,July 2026 (Lab).pdf,23
July 2026,Lab,M/s. Jawad Laboratory,2,770.0,July 2026 (Lab).pdf,23
July 2026,Lab,M/s. Jeevana Speciality Clinic,8,16170.0,July 2026 (Lab).pdf,23
July 2026,Lab,M/s. Kakkur Co-operative Clinic,9,1814.0,July 2026 (Lab).pdf,24
July 2026,Lab,"M/s. Kalarikkal Lab, Chungam",58,15523.0,July 2026 (Lab).pdf,25
July 2026,Lab,M/s. Karthika Clinical Laboratory,4,200.0,July 2026 (Lab).pdf,25
July 2026,Lab,M/s. Karunya Health Care,68,46098.0,July 2026 (Lab).pdf,26
July 2026,Lab,M/s. Karunya Lab & ECG (Pvt),1,560.0,July 2026 (Lab).pdf,26
July 2026,Lab,M/s. Karunya Wellness Care PVT.LTD,27,32180.0,July 2026 (Lab).pdf,26
July 2026,Lab,M/s. Koduvally Medical Center,116,28250.0,July 2026 (Lab).pdf,27
July 2026,Lab,M/s. Koyilandy Co-operative Hospital,10,2583.0,July 2026 (Lab).pdf,27
July 2026,Lab,M/s. Kuthiravattom Residents Association,69,4880.0,July 2026 (Lab).pdf,28
July 2026,Lab,M/s. Life Medical Center,23,8372.0,July 2026 (Lab).pdf,28
July 2026,Lab,"M/s. Life Pulse Diagnosis, Kottakadav",30,4109.0,July 2026 (Lab).pdf,29
July 2026,Lab,M/s. Lifeline Laboratory,3,750.0,July 2026 (Lab).pdf,29
July 2026,Lab,M/s. Malabar Medical Centre,345,72033.0,July 2026 (Lab).pdf,30
July 2026,Lab,M/s. Manapad Clinic,5,1570.0,July 2026 (Lab).pdf,30
July 2026,Lab,M/s. Mannur Baba Laboratory,51,7095.0,July 2026 (Lab).pdf,31
July 2026,Lab,M/s. Mayo Diagnostic Centre,1,50.0,July 2026 (Lab).pdf,31
July 2026,Lab,M/s. Medicare Diagnostics,6,2100.0,July 2026 (Lab).pdf,31
July 2026,Lab,M/s. Medicare Tanur,2,1120.0,July 2026 (Lab).pdf,31
July 2026,Lab,M/s. Medims Multi Speciality Clinic,45,16170.0,July 2026 (Lab).pdf,32
July 2026,Lab,M/s. Mercy Medical Laboratory,135,20838.0,July 2026 (Lab).pdf,33
July 2026,Lab,"M/s. Mithraa Health Laboratory, Chemmad",169,74670.0,July 2026 (Lab).pdf,34
July 2026,Lab,M/s. Momis Clinic,71,16151.0,July 2026 (Lab).pdf,35
July 2026,Lab,M/s. MR Clinic Lab,235,45786.0,July 2026 (Lab).pdf,36
July 2026,Lab,M/s. National Lab & ECG,8,3427.5,July 2026 (Lab).pdf,37
July 2026,Lab,M/s. Neethi lab Balussery,111,20275.0,July 2026 (Lab).pdf,38
July 2026,Lab,"M/s. Neethi Lab Diagnostic Center, Vadakara",1,3500.0,July 2026 (Lab).pdf,38
July 2026,Lab,M/s. Neethi Public Lab Manakkadavu,2,400.0,July 2026 (Lab).pdf,38
July 2026,Lab,M/s. Nice Laboratory,9,1955.0,July 2026 (Lab).pdf,38
July 2026,Lab,M/s. Noonus Healthcare,18,3174.0,July 2026 (Lab).pdf,38
July 2026,Lab,M/s. Northern Gastro Centre,15,9730.0,July 2026 (Lab).pdf,38
July 2026,Lab,"M/s. Oryx Health Care, Kakkur",1,385.0,July 2026 (Lab).pdf,38
July 2026,Lab,M/s. Payyoli Lab,34,5840.0,July 2026 (Lab).pdf,39
July 2026,Lab,M/s. Poly Lab Vatakara,43,21698.0,July 2026 (Lab).pdf,40
July 2026,Lab,M/s. Popular Diagnostics,3,1155.0,July 2026 (Lab).pdf,40
July 2026,Lab,M/s. Pulikkal Neethi Lab,2,1420.0,July 2026 (Lab).pdf,40
July 2026,Lab,M/s. Rafa Mobile Nursing Care,21,5988.0,July 2026 (Lab).pdf,40
July 2026,Lab,M/s. RP Medhelix Diagnostics Pvt Ltd,35,12481.0,July 2026 (Lab).pdf,41
July 2026,Lab,M/s. S K Park Residence Association,16,3256.0,July 2026 (Lab).pdf,41
July 2026,Lab,M/s. Shana Speciality Laboratory,9,5460.0,July 2026 (Lab).pdf,41
July 2026,Lab,M/s. SL Diagnostic Centre,2,365.0,July 2026 (Lab).pdf,42
July 2026,Lab,M/s. Spectra Medical Lab,23,7581.0,July 2026 (Lab).pdf,42
July 2026,Lab,M/s. Surabhi Digital X-Ray & Lab,50,2950.0,July 2026 (Lab).pdf,42
July 2026,Lab,"M/s. Surabhi Laboratory, Balussery",31,2856.0,July 2026 (Lab).pdf,43
July 2026,Lab,M/s. Tely Medical Centre,1,640.0,July 2026 (Lab).pdf,43
July 2026,Lab,M/s. Thalayad Medical Laboratory,1,560.0,July 2026 (Lab).pdf,43
July 2026,Lab,M/s. Tree Clinic,65,18718.0,July 2026 (Lab).pdf,43
July 2026,Lab,"M/s. TTD Karunya Lab, Vadakara",20,6818.0,July 2026 (Lab).pdf,44
July 2026,Lab,M/s. Viswas Diagnostic Surgical Polyclinic,40,4045.0,July 2026 (Lab).pdf,44
July 2026,Lab,M/s. We Care Polyclinic,24,4992.0,July 2026 (Lab).pdf,45
July 2026,Lab,M/s. Well Care Clinic,1,315.0,July 2026 (Lab).pdf,45
July 2026,Lab,M/s. Wellness Mediclinic,3,415.0,July 2026 (Lab).pdf,45
July 2026,Lab,M/s. Yashwi Diagnostics,346,322470.0,July 2026 (Lab).pdf,48
July 2026,Lab,M/s. Yours Calicut Lab,1,420.0,July 2026 (Lab).pdf,48
July 2026,Lab,MedGenome Labs,2,40000.0,July 2026 (Lab).pdf,48
July 2026,Lab,METROPOLIS,20,61615.0,July 2026 (Lab).pdf,49
July 2026,Lab,Parayancheri Residence Association Privilege Card,14,3536.0,July 2026 (Lab).pdf,49
July 2026,Lab,PRIVILEGE CUSTOMER,453,134240.0,July 2026 (Lab).pdf,51
July 2026,Lab,Puthiyara Ayalpakkavedhi Healthcamp,30,6172.0,July 2026 (Lab).pdf,52
July 2026,Lab,Senior Citizen Forum,2,760.0,July 2026 (Lab).pdf,52
July 2026,Lab,Senior Citizen Welfare Association,14,3366.0,July 2026 (Lab).pdf,53
